#,البيت,الشاعر,القصيدة,التعبير البلاغي,العنصر البلاغي المستعمل,العنصر البلاغي الثانوي
1,6,ابن هانئ الأندلسيّ,قصيدة رقم (28)، الكامل، رِ.,منْ منكمُ الملكُ المطاعُكأنّهُ تحتَ السَّوابغ تبّعٌ في حِميَرِ,تشبيه,تشبيه
2,21,ابن اللبانة الداني,قصيدة رقم 51، كامل، عُ,يا آخذ البطحاءِ في يوم الوغىفكأنه هجعتْ عليها أفرعُ,تشبيه,تشبيه
3,15,ابن اللبانة الداني,قصيدة رقم 71، كامل، لُ,وكأنه قُزحٌ على أفقِ الضحى وعلى جبين مبشّرٍ إكليل,تشبيه,تشبيه
4,16,ابن اللبانة الداني,قصيدة رقم 71، كامل، لُ,ملكٌكما اتّقد الصباحُ وراءه ظلٌّكما برَدَ الماءُ ظليلُ,تشبيه,تشبيه
5,17,ابن اللبانة الداني,قصيدة رقم 71، كامل، لُ,جاوزتُ منه البحرَ إلا أنه عذبٌكما رشفَ اللمى تقبيل,تشبيه,تشبيه
6,14,ابن اللبانة الداني,قصيدة رقم 51، كامل، عُ,وكأنما تلك الأراكة منبرٌوكأنه فيها خطيبٌ مُصقَّعُ,تشبيه,تشبيه
7,15,ابن اللبانة الداني,قصيدة رقم 51، كامل، عُ,وكأنما خبرُ الموءيد خبرتي فلسانُه بالشكرِ فيه يُسجَّعُ,تشبيه,تشبيه
8,19,ابن هانئ الأندلسيّ,قصيدة رقم (79)، الكامل، نُ.,و مُهنَّدٌ فيهِ الفِرِندُكأنّهُ درٌّ لهُ خلفَ الغرارِ كمينُ,تشبيه,تشبيه
9,19,ابن اللبانة الداني,قصيدة شعراء عباسيون رقم 8، بسيط، اد,سارت سفائنُهم والنَّوحُ يتبعُهاكأنها إبلٌ يحدو بها الحادي,تشبيه,تشبيه
10,2,ابن اللبانة الداني,قصيدة رقم 11، طويل، بِ,كأني شربتُ الليلَ في كأس ذكره فلم أُبقِ فيه فضلةً للكواكب,تشبيه,تشبيه
11,22,ابن هانئ الأندلسيّ,قصيدة رقم (79)، الكامل، نُ.,وكأنّما يلقى الضّريبة َ دونهُ بأسُ المُعِزِّ أوِ اسمُهُ المَحزونُ,تشبيه,تشبيه
12,15,ابن هانئ الأندلسيّ,قصيدة رقم (12)، الطّويل، جَ.,ترفّعَ عنَّا سجفهُفكأنّهُ يجيءُ بيحيي صبْحَهُ المتبَلِّجا,تشبيه,تشبيه
13,33,ابن هانئ الأندلسيّ,قصيدة رقم (79)، الكامل، نُ.,مَلِكٌكما حُدِّثتَ عنهُ رأفَة ٌ فالخمرُ ماءٌ والشّراسة ُ لينُ,تشبيه,تشبيه
14,41,ابن هانئ الأندلسيّ,قصيدة رقم (79)، الكامل، نُ.,فكأنّها تحتَ النّضارِ كواكبٌ وكأنّها تحْتَ الحَديدِ دُجونُ,تشبيه,تشبيه
15,45,ابن هانئ الأندلسيّ,قصيدة رقم (79)، الكامل، نُ.,أمّا الغِنى فهو الّذي أولَيْتَنافكأنّ جودَكَ بالخلُودِ رَهينُ,تشبيه,تشبيه
16,44,ابن هانئ الأندلسيّ,قصيدة رقم (79)، الكامل، نُ.,في الغيْثِ شِبهٌ من نَداكَكأنّما مسَحَتْ على الأنواءِ منكَ يمينُ,تشبيه,تشبيه
17,46,ابن هانئ الأندلسيّ,قصيدة رقم (79)، الكامل، نُ.,تَطَأُ الجِيادُ بِنا البُدورَكأنّها تحتَ السّنابكِ مرمرٌ مسنونُ,تشبيه,تشبيه
18,12,ابن هانئ الأندلسيّ,قصيدة رقم (12)، الطّويل، جَ.,وأسْعَدَني مرفضُّ دمعيكأنّما تَساقَطَ رأد اليوْمِ دُرًّا مُدَحْرَجَا,تشبيه,تشبيه
19,26,ابن هانئ الأندلسيّ,قصيدة رقم (50)، الطّويل، فَ.,كأنّ ظلامَ اللّيلِ إذ مالَ مَيْلَة ً صريعُ مُدامٍ باتَ يشرَبُها صِرفا,تشبيه,تشبيه
20,25,ابن هانئ الأندلسيّ,قصيدة رقم (50)، الطّويل، فَ.,كأنّ الهَزيعَ الآبنُوسيَّ لونُهُ سَرَى بالنّسيج الخُسرُوانيِّ مُلتفّا,تشبيه,تشبيه
21,28,ابن هانئ الأندلسيّ,قصيدة رقم (50)، الطّويل، فَ.,كأنّ لِواءَ الشّمسِ غرَّة ُ جعْفَرٍ رأى القرنَ فازدادتْ طلاقتهُ ضعفا,تشبيه,تشبيه
22,27,ابن هانئ الأندلسيّ,قصيدة رقم (50)، الطّويل، فَ.,كأنّ عمودَ الفجرِ خاقانُ معشرٍ من التّركِ نادى بالنّجاشيّ فاستخفى,تشبيه,تشبيه
23,22,ابن هانئ الأندلسيّ,قصيدة رقم (50)، الطّويل، فَ.,كأنّ مُعلَّى قُطبِها فارسٌ لَهُ لِواءانِ مركوزانِ تُذكرهُ الزحفا,تشبيه,تشبيه
24,21,ابن هانئ الأندلسيّ,قصيدة رقم (50)، الطّويل، فَ.,كأنّ سهاها عاشقٌ بين عُوَّدٍ فآوِنَة ً يَبدو وآونَة ً يُخْفى,تشبيه,تشبيه
25,23,ابن هانئ الأندلسيّ,قصيدة رقم (50)، الطّويل، فَ.,كأنّ قُدامَى النَّسرِ والنَّسْرُ واقعٌ قصصنَ فلم تسمُ الخوافي به ضعفا,تشبيه,تشبيه
26,30,ابن هانئ الأندلسيّ,قصيدة رقم (50)، الطّويل، فَ.,و جاءتْ عتاقُ الخيل ترديكأنّما تخطُّ له أقلامُ آذانها صحفا,تشبيه,تشبيه
27,84,ابن هانئ الأندلسيّ,قصيدة رقم (61)، الكامل، لَ.,حتّىكأنّي مُلْهمٌ وكأنّها سُوَرٌ أُرَتِّلُ آيَها تَرتيلا,تشبيه,تشبيه
28,37,ابن هانئ الأندلسيّ,قصيدة رقم (50)، الطّويل، فَ.,إذا شهدَ الهيجاءَ مدّتْ به يدًاكأنّ عليها دملجًا منهُ أو وقفا,تشبيه,تشبيه
29,23,ابن هانئ الأندلسيّ,قصيدة رقم (70)، الطّويل، مِ.,منَ اللّاءِ لا يُصْدِرْنَ إلّا رَوِيّةًكأنّ عليها صِبْغَ خَمْرٍ وعَنْدَمِ,تشبيه,تشبيه
30,24,ابن هانئ الأندلسيّ,قصيدة رقم (70)، الطّويل، مِ.,كأنّ قَنَاها المُلْدَ وهي خَوافِقٌ قُدودُ المَها في كلّ رَيْطٍ مُسَهَّمِ,تشبيه,تشبيه
31,25,ابن هانئ الأندلسيّ,قصيدة رقم (70)، الطّويل، مِ.,لها العَذباتُ الحُمْرُ تَهْفوكأنّها حَواشي بُروقٍ أو ذوائبُ أنجُمِ,تشبيه,تشبيه
32,96,ابن هانئ الأندلسيّ,قصيدة رقم (61)، الكامل، لَ.,راعتهُم لمعُ البروقكأنّما جرَّدتُموها في السّحابِ نُصولا,تشبيه,تشبيه
33,13,ابن هانئ الأندلسيّ,قصيدة رقم (70)، الطّويل، مِ.,جهلتُ الهوى حتّى اختبرْتُ عذابَهُكما اختبرَ الرِّعْديدُ بأسَ المُصَمِّمِ,تشبيه,تشبيه
34,46,ابن هانئ الأندلسيّ,قصيدة رقم (50)، الطّويل، فَ.,فلو أنّنيشبهتهُ البحرَ زاخرًا خشيتُ بكونِ المدحِ في مثلهِ قذفا,تشبيه,تشبيه
35,14,ابن هانئ الأندلسيّ,قصيدة رقم (70)، الطّويل، مِ.,وقُدْتُ إلى نَفْسي منّيةَ نَفسِهاكما أُحِرقتْ في نارِها كَفُّ مُضْرِمِ,تشبيه,تشبيه
36,66,ابن هانئ الأندلسيّ,قصيدة رقم (61)، الكامل، لَ.,وكأنّ أرواحَ العِدى شاكَلْنَهُ فإذا ادّعى لَبّى الكَمِيَّ عَجولا,تشبيه,تشبيه
37,2,أبو بقاء الرندي,قصيدة رقم 11، بسيط، انُ,هي الأموركما شاهدتَها دُوَلٌ مَنْ سَرَّه زمن ساءته أزمان,تشبيه,تشبيه
38,1,ابن اللبانة الداني,قصيدة رقم 38، كامل، رِ,يوم تكاثف غيمُهفكأنه دون السماء دخان عود أخضرِ,تشبيه,تشبيه
39,9,أبو بقاء الرندي,قصيدة رقم 11، بسيط، انُ,أتى على الكلِّ أمرٌ لا مَرَدَّ له حتى قضَوْافكأَن القوم ما كانوا,تشبيه,تشبيه
40,60,ابن هانئ الأندلسيّ,قصيدة رقم (61)، الكامل، لَ.,وشَفَعْتَ في وَفْدِ الحجيجِكأنّما نَفّلْتَهُمْ إخلاصَكَ المقبولا,تشبيه,تشبيه
41,3,ابن اللبانة الداني,قصيدة رقم 38، كامل، رِ,والشمسُ في حجب السماءكأنها حسنًا تستر تحت كلّةِ تُستُرِ,تشبيه,تشبيه
42,54,ابن هانئ الأندلسيّ,قصيدة رقم (38)، الكامل، رُ.,لستمكأبناءِ الطّليقِ المرتدي بالكفر حتّى يحضَّ فيهِ إسارُ,تشبيه,تشبيه
43,77,ابن هانئ الأندلسيّ,قصيدة رقم (61)، الكامل، لَ.,سارَتْ بها شِيَعُ القصائدِ شُرَّدافكَأنّما كانَتْ صبًا وقَبُولا,تشبيه,تشبيه
44,75,ابن هانئ الأندلسيّ,قصيدة رقم (61)، الكامل، لَ.,وكأنّهُ لم يُبْقِ وترًا ضائعًا في كربلاءَ ولا دَمًا مَطلولا,تشبيه,تشبيه
45,74,ابن هانئ الأندلسيّ,قصيدة رقم (70)، الطّويل، مِ.,وما الجودُ جودٌ في سِواكَ حَقيقَةً وما هو إلّاكالحديثِ المُرَجَّمِ,تشبيه,تشبيه
46,50,ابن اللبانة الداني,قصيدة رقم 27، بسيط، ادِ,ومن يُحق لي الآلاف من ذهبكأنما أشربتْ ماذية الحاد,تشبيه,تشبيه
47,51,ابن اللبانة الداني,قصيدة رقم 27، بسيط، ادِ,كأنما سكبت في جوف بارقةٍ بنار نور من المريخ وقّاد,تشبيه,تشبيه
48,10,ابن اللبانة الداني,قصيدة رقم 48، طويل، عا,صغرت مكانًا إذ كبرتُ درايةًكأني مبنيٌّ على خلقةِ الأفعى,تشبيه,تشبيه
49,20,ابن هانئ الأندلسيّ,قصيدة رقم (38)، الكامل، رُ.,وكأنَّ وفْرَتَهُ غَدائِرُ غادَة ٍ لم يلقها بؤسٌ ولا إقتارُ,تشبيه,تشبيه
50,12,ابن اللبانة الداني,قصيدة رقم 48، طويل، عا,ودونكها رقت وراقت محاسنًا فما الروضةُ الحسناءُتشبهها طبعا,تشبيه,تشبيه
51,55,ابن اللبانة الداني,قصيدة رقم 27، بسيط، ادِ,مكارم ومعال كنت بينهماكأني بين روضات وأطواد,تشبيه,تشبيه
52,63,ابن هانئ الأندلسيّ,قصيدة رقم (70)، الطّويل، مِ.,وكُلُّ أنَاةٍ في المواطِنِ سُؤدَدٌ ولاكأناةٍ من قديرٍ مُحَكَّمِ,تشبيه,تشبيه
53,69,ابن هانئ الأندلسيّ,قصيدة رقم (70)، الطّويل، مِ.,كأسنمةِ الآبالِ أوكحُدُوجِها فمِن شاهِقٍ عن نسعةٍ ومُزَمَّمِ,تشبيه,تشبيه
54,50,ابن هانئ الأندلسيّ,قصيدة رقم (70)، الطّويل، مِ.,وأحسِبُهُ أوحى بأمْرٍ إلى الظُّبى ولو لم يكُنْ ما قلتُ لم يتبسَّمِ,تشبيه,تشبيه
55,38,ابن اللبانة الداني,قصيدة رقم 27، بسيط، ادِ,وغُيرت نشواتُ اللائدين بهمبمثل ما قصفوا من كل منآد,تشبيه,تشبيه
56,14,ابن هانئ الأندلسيّ,قصيدة رقم (38)، الكامل، رُ.,وكأنَّ غَيضاتِ الرِّماحِ حدائقٌ لُمَعُ الأسِنّة ِ بينها أزهارُ,تشبيه,تشبيه
57,16,ابن هانئ الأندلسيّ,قصيدة رقم (38)، الكامل، رُ.,والخيل تمرح في الشّكيمكأنّها عِقبانَ صارةَ شاقها الأوكارُ,تشبيه,تشبيه
58,46,ابن اللبانة الداني,قصيدة رقم 27، بسيط، ادِ,سارت سفائنهم والنوح يصحبهاكأنها إبل يحدو بها الحادي,تشبيه,تشبيه
59,4,ابن اللبانة الداني,قصيدة رقم 51، كامل، عُ,فكأنما الكافورُ خالطَ ثوبه وأذاب فيها المسكَ مزنٌ يهمع,تشبيه,تشبيه
60,3,ابن اللبانة الداني,قصيدة رقم 51، كامل، عُ,خضلُ الجنابِكأن عهدَ وصالها أبقى بها مأتيةً تُتمتع,تشبيه,تشبيه
61,95,ابن هانئ الأندلسيّ,قصيدة رقم (70)، الطّويل، مِ.,وأرْعَنَ يحْمومٍكأنّ أديمَهُ إذا شرَّعت أرماحُهُ ظَهرُ شَيهَمِ,تشبيه,تشبيه
62,16,ابن هانئ الأندلسيّ,قصيدة رقم (50)، الطّويل، فَ.,كأنّ السّماكَينِ اللّذينِ تَظاهَرا على لبدتيهِ ضامنانِ لهُ حتفا,تشبيه,تشبيه
63,11,ابن هانئ الأندلسيّ,قصيدة رقم (50)، الطّويل، فَ.,وولّتْ نجُومٌ للثُّرَيّاكأنّهَا خواتيمُ تَبْدو في بَنان يدٍ تَخْفى,تشبيه,تشبيه
64,19,ابن هانئ الأندلسيّ,قصيدة رقم (50)، الطّويل، فَ.,كأنّ بني نَعشٍ ونعشٌ مطافِلٌ بوجرة َ قد أظللنَ في مهمهٍ خشفا,تشبيه,تشبيه
65,1,ابن هانئ الأندلسيّ,قصيدة رقم (45)، الطّويل، عُ.,لقدأَشْبَهَتْني شمعةٌ في صبابتي وفي هول ما ألقى وما أتوقَّعُ,تشبيه,تشبيه
66,18,ابن هانئ الأندلسيّ,قصيدة رقم (50)، الطّويل، فَ.,كأنّ رقيبَ النّجمِ أجدَلُ مُرْقَبٌ يقلِّبُ تحتَ اللّيل في ريشهِ طرفا,تشبيه,تشبيه
67,10,ابن اللبانة الداني,قصيدة رقم 4، كامل، با,رطبُ اللسانكأنَّ في ألفاظه راحًا مُعتقةً وشدوًا مُطربا,تشبيه,تشبيه
68,11,ابن اللبانة الداني,قصيدة رقم 4، كامل، با,يلقى الكُماةَ فتنثني مذعورةًفكأنه أسدٌ يمرُّ على ظبى,تشبيه,تشبيه
69,20,ابن هانئ الأندلسيّ,قصيدة رقم (50)، الطّويل، فَ.,كأنّ سهيلًا في مطالعِ أفقهِ مُفارِقُ إلْفٍ لم يَجِدْ بعدَه إلفا,تشبيه,تشبيه
70,12,ابن اللبانة الداني,قصيدة رقم 4، كامل، با,راقت على عليائه آدابُهفكأنها زهرُ تفتح في ربى,تشبيه,تشبيه
71,1,ابن هانئ الأندلسيّ,قصيد رقم (29)، الرّجز، رِ.,وبنتِ أيكٍكالشّبابِ النّضْرِكأنّها بينَ الغصونِ الُخضْرِ,تشبيه,تشبيه
72,5,ابن هانئ الأندلسيّ,قصيد رقم (29)، الرّجز، رِ.,جاءتبمثل النّهدِ فوق الصّدرِ تفترُّ عن مثلِ اللّثاتِ الحمرِ,تشبيه,تشبيه
73,3,ابن هانئ الأندلسيّ,قصيد رقم (29)، الرّجز، رِ.,كأنّما مجَّتْ دمًا منْ نَْحرِ أو نشأتْ في تُرْبة ٍ من جَمْرِ,تشبيه,تشبيه
74,3,ابن اللبانة الداني,قصيدة رقم 77، كامل، امُ,وكأن خاطفة البروق قد التظت صفحات سيفك قد علاهن الدمُ,تشبيه,تشبيه
75,2,ابن اللبانة الداني,قصيدة رقم 77، كامل، امُ,فكأنما الاصباح تحتك أشقرُوكأنما الاظلام تحتك أدهمُ,تشبيه,تشبيه
76,59,ابن هانئ الأندلسيّ,قصيدة رقم (16)، الطّويل، خُ.,سَرَينَ فخلّفْنَ النّجومَكأنّها هَجائنُ عِيسٍ في المباركِ نُوَّخُ,تشبيه,تشبيه
77,24,ابن هانئ الأندلسيّ,قصيدة رقم (28)، الكامل، رِ.,وتظَلُّ تسبَحُ في الدّماءِ قِبابُهُمْفكأنّهنَّ سفائنٌ في أبُحرِ,تشبيه,تشبيه
78,32,ابن هانئ الأندلسيّ,قصيدة رقم (28)، الكامل، رِ.,أخلاقنافكأنّنا من نسبةٍ ولداتنا فكأنّنا من عُنصرِ,تشبيه,تشبيه
79,49,ابن هانئ الأندلسيّ,قصيد رقم (27)، الكامل، رُ.,من بعد ما ضربت بهامثلًا قحطانُ واستحيت لها مضرُ,تشبيه,تشبيه
80,41,ابن هانئ الأندلسيّ,قصيدة رقم (16)، الطّويل، خُ.,إذا شدختهُ مشقة ٌ ظلَّ فوقها حسيرًاكما أنَّ الأميم المشدَّخُ,تشبيه,تشبيه
81,2,ابن اللبانة الداني,قصيدة رقم 56، بسيط، فِ,كأنّ حبّةَ قلبي حين رؤيته طارت فقلتُ لها في الخد منه قفي,تشبيه,تشبيه
82,57,ابن هانئ الأندلسيّ,قصيد رقم (27)، الكامل، رُ.,والمرءُكالظلِّ المديدِ ضُحًى والفيءُ يحسرهُ فينحسرُ,تشبيه,تشبيه
83,11,ابن هانئ الأندلسيّ,قصيدة رقم (28)، الكامل، رِ.,وكأنّما سَلَبَ القَشاعِمَ رِيشَها ممّا يَشُقُّ من العَجاجِ الأكدَرِ,تشبيه,تشبيه
84,18,ابن هانئ الأندلسيّ,قصيدة رقم (28)، الكامل، رِ.,أنسوا بهجرانِ الأنيسِكأنّهم في عبقريِّ البِيدِ جنّة ُ عَبْقَرِ,تشبيه,تشبيه
85,12,ابن هانئ الأندلسيّ,قصيدة رقم (28)، الكامل، رِ.,وكأنّما شملتْ قناهُ ببارقٍ متألّقٍ أو عارضٍ مثعْنجِرِ,تشبيه,تشبيه
86,31,ابن هانئ الأندلسيّ,قصيد رقم (27)، الكامل، رُ.,سفحتْ دماءَ الدّارعينَ بها حتّىكأنَّ جفونهمْ ثغرُ,تشبيه,تشبيه
87,22,ابن هانئ الأندلسيّ,قصيدة رقم (28)، الكامل، رِ.,ومَشَوْا على قُطعِ النّفوسِكأنّما تمشي سنابكُ خيلهم في مَرْمَرِ,تشبيه,تشبيه
88,34,ابن هانئ الأندلسيّ,قصيد رقم (27)، الكامل، رُ.,وجَنَوْا على جمرٍ ضلوعَهمُفكأنّما أنفاسهمْ شررُ,تشبيه,تشبيه
89,36,ابن هانئ الأندلسيّ,قصيد رقم (27)، الكامل، رُ.,فكأنّما نامَتْ سُيوفُهُمُ واستَيقَظَتْ من بعدِ ما وترُوا,تشبيه,تشبيه
90,11,ابن هانئ الأندلسيّ,قصيدة رقم (61)، الكامل، لَ.,فكأنّنَا شَمْلُ الدّموعِ تَفَرُّقًاوكأنّنَا سِرُّ الوَداعِ نُحُولا,تشبيه,تشبيه
91,18,ابن هانئ الأندلسيّ,قصيدة رقم (61)، الكامل، لَ.,وتَظُنُّ في لَهَواتِنا أسيافَنَاوتَخالُ في تاجِ المعزِّ رسولا,تشبيه,تشبيه
92,19,ابن اللبانة الداني,قصيدة رقم 7، طويل، بُ,ويرتاح عند الحمد حتىكأنه - وحاشاه - نشوانٌ يلذُّ له الشرب,تشبيه,تشبيه
93,13,ابن اللبانة الداني,قصيدة رقم 7، طويل، بُ,كأني قذًى في مُقلةٍ وهو ناظرٌ بها والمجاذيف التي حَولها هُدْبُ,تشبيه,تشبيه
94,12,ابن اللبانة الداني,قصيدة رقم 7، طويل، بُ,هوى بين عصف الريح والموجمثلما هوى بين أضلاع المعنى به قلب,تشبيه,تشبيه
95,10,ابن اللبانة الداني,قصيدة رقم 7، طويل، بُ,له لجج خضركما أخضرت الربى إلى أُخَرٍ بيضكما ابيضت الكثب,تشبيه,تشبيه
96,2,ابن اللبانة الداني,قصيدة رقم 80، طويل، امُ,لبستُ سوادًا والجميعُ مبيّضٌكأني غرابٌ والأنامُ حمامُ,تشبيه,تشبيه
97,43,ابن هانئ الأندلسيّ,قصيدة رقم (61)، الكامل، لَ.,وكَأنّ بَينَ عنانِهِ ولبانِهِ رَشأٌ يريغُ إلى الكنِاسِ خَذولا,تشبيه,تشبيه
98,20,ابن اللبانة الداني,قصيدة رقم 37، بسيط، رُ,كأنما الأرضُ عني غير راضيةٍ فليس لي وطنٌ فيها ولا وَطر,تشبيه,تشبيه
99,13,ابن اللبانة الداني,قصيدة رقم 44، طويل، سا,وأجيادُها مالت عليك نواعمًاكما مالتِ الأغصانُ فانْعمْ بها لَمسا,تشبيه,تشبيه
100,24,ابن هانئ الأندلسيّ,قصيدة رقم (61)، الكامل، لَ.,والخافِقانِ على الوشيجِكأنّما حاولنَ عندَ المُعصِراتِ دخولا,تشبيه,تشبيه
101,20,ابن هانئ الأندلسيّ,قصيدة رقم (61)، الكامل، لَ.,ذو النُّورِ تُولِيهِ مكارمُ هاشِمٍ شُكرًاكنائلِهِ الجزيلِ جزيلا,تشبيه,تشبيه
102,34,ابن هانئ الأندلسيّ,قصيدة رقم (61)، الكامل، لَ.,وتباشرَ الفلكُ المدارُكأنّمَا يبغي بهِنَّ إلى السّماءِ رَحيلا,تشبيه,تشبيه
103,38,ابن هانئ الأندلسيّ,قصيدة رقم (61)، الكامل، لَ.,وتَظُنُّهُ مُتَخَمِّطًا من كبرِهِوتَخَالُهُ متنمِّرًا لِيَصُولا,تشبيه,تشبيه
104,39,ابن هانئ الأندلسيّ,قصيدة رقم (61)، الكامل، لَ.,وكأنّما الجُرْدُ الجَنائبُ خُرَّدٌ سَفَرَتْ تَشوقُ مُتيَّمًا مَتبولا,تشبيه,تشبيه
105,2,ابن هانئ الأندلسيّ,قصيد رقم (24)، الرّجز، دِ.,أشبهُ بالماءِ منَ الفرَندِ أقدمُ من رامٍ وزيرَ جرْدٍ,تشبيه,تشبيه
106,4,ابن اللبانة الداني,قصيدة رقم 25، طويل، دِ,لقد ضمّ أمر الملك حتىكأنه نطاقٌ بخصْر أو سوار على زند,تشبيه,تشبيه
107,5,ابن اللبانة الداني,قصيدة رقم 1، كامل، ئِهِ,الورد ليس صِفاتُه كصفاتهِ والطير ليسَ غِناؤهاكغِنائهِ,تشبيه,تشبيه
108,19,ابن هانئ الأندلسيّ,قصيدة رقم (57)، الطّويل، كُ.,كأنّ الشّقيقَ الغَضَّ يكحلُ أعيُنًا و يسفكُ في لبّاتِهِ الدَّمَ سافكُِ,تشبيه,تشبيه
109,18,ابن هانئ الأندلسيّ,قصيدة رقم (57)، الطّويل، كُ.,كأنّ كُؤوسًا فيه تسري براحِها إذا علّلَتْها السّارياتُ الحواشكُ,تشبيه,تشبيه
110,17,ابن هانئ الأندلسيّ,قصيدة رقم (57)، الطّويل، كُ.,ألم تريا الرّوضَ الأريضَكأنَّما أسرَّة ُ نورِ الشّمسِ فيه سبائكُ,تشبيه,تشبيه
111,49,ابن هانئ الأندلسيّ,قصيدة رقم (57)، الطّويل، كُ.,أجَزْتُ عليهم عابرًا وتركْتُهَاكأنّ المَنَايا تحتَ جنبي أرائِكُ,تشبيه,تشبيه
112,38,ابن هانئ الأندلسيّ,قصيدة رقم (57)، الطّويل، كُ.,أمتَّ بلِ استحييتَ مَن أنتَ راغمٌكأنّك للآجالِ خَصْمٌ مُماحِكُ,تشبيه,تشبيه
113,36,ابن هانئ الأندلسيّ,قصيدة رقم (57)، الطّويل، كُ.,ووالِ فتوحاتِ البلادِكأنّها مَباسِمُ فجرٍ تجتلي ومضاحكُ,تشبيه,تشبيه
114,33,ابن هانئ الأندلسيّ,قصيدة رقم (57)، الطّويل، كُ.,صقيلاتُ أجْسامِ البُرُوقِكأنّمَا أمرّت عليها بالسَّحابِ المداوكُ,تشبيه,تشبيه
115,62,ابن هانئ الأندلسيّ,قصيدة رقم (57)، الطّويل، كُ.,وضَرْبٌ مُبينٌ للشّؤونِكأنّما هوتْ بفراش الهامِ عنهُ النّيازكُ,تشبيه,تشبيه
116,1,ابن هانئ الأندلسيّ,قصيدة رقم (82)، البسيط، نُ.,أُنظرْ إليهِ وفي التَّحريكِ تسكينُكأنَّما التقمتْ عنهُ التّنانينُ,تشبيه,تشبيه
117,4,ابن هانئ الأندلسيّ,قصيدة رقم (82)، البسيط، نُ.,تَبارَكَ اللهُ ما أمضى أسنّتَهُكأنّما كلُّ فَكٍّ منهُ طاحونُ,تشبيه,تشبيه
118,3,ابن هانئ الأندلسيّ,قصيدة رقم (82)، البسيط، نُ.,كأنّها وخبيتُ الزّاد يضرمُها جهنّمٌ قُذِفَتْ فيها الشّياطينُ,تشبيه,تشبيه
119,5,ابن هانئ الأندلسيّ,قصيدة رقم (82)، البسيط، نُ.,كأنّ بَيْتَ سِلاحٍ فيهِ مُخْتَزَنٌ مِمّا أعَدّتْهُ للرُّسْلِ الفَراعينُ,تشبيه,تشبيه
120,57,ابن هانئ الأندلسيّ,قصيدة رقم (57)، الطّويل، كُ.,همُ لحظوكمُ والنّبوّةُ فيكمُكما لحظَ الشِّيبَ العيونُ الفواركُ,تشبيه,تشبيه
121,8,ابن هانئ الأندلسيّ,قصيدة رقم (82)، البسيط، نُ.,لفَّ الجداءَ بأيديها وأرجلِهاكأنّما افترستهنّ السّراحينُ,تشبيه,تشبيه
122,7,ابن هانئ الأندلسيّ,قصيدة رقم (82)، البسيط، نُ.,كأنّما الحَمَلُ المشويُّ في يدهِ ذو النّونِ في الماءِ لّما عَضَّهُ النّونُ,تشبيه,تشبيه
123,9,ابن هانئ الأندلسيّ,قصيدة رقم (82)، البسيط، نُ.,و غادرَ البطَّ من مثنًى وواحدةٍكأنّما اختطفتهنّ الشّواهينُ,تشبيه,تشبيه
124,2,ابن هانئ الأندلسيّ,قصيدة رقم (46)، الطّويل، عُ.,غداةًكأنّ الأُفْقَ سُدَّ بمثلهِ فعادَ غروبُ الشّمسِ من حيثُ تطلعُ,تشبيه,تشبيه
125,77,ابن هانئ الأندلسيّ,قصيدة رقم (57)، الطّويل، كُ.,فعلنكما هُزَّتْ قَنًا سمهرِيُّة ٌ لسربالِ داودٍ عليَّ هواتكُ,تشبيه,تشبيه
126,16,ابن هانئ الأندلسيّ,قصيدة رقم (47)، الطّويل، عُ.,على كلّ بازٍ أسهمٍ متنكبٍ حثيتكأنّ الماسِخِيَّ له ضِلعُ,تشبيه,تشبيه
127,15,ابن هانئ الأندلسيّ,قصيدة رقم (47)، الطّويل، عُ.,وكلُّ عميمٍ في النّجادِكأنَّمَا تمطّى بمتنيهِ على قرنهِ جذعُ,تشبيه,تشبيه
128,12,ابن هانئ الأندلسيّ,قصيدة رقم (47)، الطّويل، عُ.,وتعرفُ منّي البيدُ حرقًاكأنَّما توغّلَ منهُ بينَ أرجلها سمعُ,تشبيه,تشبيه
129,4,ابن اللبانة الداني,قصيدة رقم 91، وافر، اها,كأنّ الشهب إذ تجري لسعدٍ تخُطُّ لك الطريق على ذراها,تشبيه,تشبيه
130,8,ابن اللبانة الداني,قصيدة رقم 52، بسيط، عُ,ولا لمحت ابن عبادِ بناحيةٍ ألاحسبتُ عمود الصبح ينصدع,تشبيه,تشبيه
131,2,ابن اللبانة الداني,قصيدة رقم 32، كامل، رُ,وكأن نرجسها أصيب بروعتي فعلاه لون مثل لوني أصفرُ,تشبيه,تشبيه
132,3,ابن اللبانة الداني,قصيدة رقم 32، كامل، رُ,فكأنما الريحان روحي كلما تتغير الأشياء لا تتغير,تشبيه,تشبيه
133,7,ابن اللبانة الداني,قصيدة رقم 78، طويل، امُ,أمُلبسيَ النُّعمى قديمًاومثلَها حديثًا، وأحداثُ الزمان عظام,تشبيه,تشبيه
134,4,ابن اللبانة الداني,قصيدة رقم 78، طويل، امُ,وشقّت على النصح المبين جيوبهاكما شقّقت عن زهرهن كمام,تشبيه,تشبيه
135,3,ابن اللبانة الداني,قصيدة رقم 78، طويل، امُ,قد ائتلفت أهواؤها بك جملةًكما ائتلفت في وكرهن حمامُ,تشبيه,تشبيه
136,2,ابن هانئ الأندلسيّ,قصيدة رقم (35)، البسيط، رُ.,كأنّما مَسَحَ القَينُ الجريُّ بهِ كفًّا وقد نهشتهُ حيّة ٌ ذكرُ,تشبيه,تشبيه
137,1,ابن هانئ الأندلسيّ,قصيدة رقم (35)، البسيط، رُ.,وذي نِجادٍ هِرَقْلّيٍ يُشَرِّفُهُكأنّهُ أجلٌ يسطو بهِ قدرُ,تشبيه,تشبيه
138,1,ابن هانئ الأندلسيّ,قصيدة رقم (66)، الطّويل، لُ.,وأبْيَضَ من ماءِ الحديدِكأنّما يبيتُ عليه من خشونتهِ طلُّ,تشبيه,تشبيه
139,3,ابن هانئ الأندلسيّ,قصيدة رقم (58)، الخفيف، كِ.,لا يُرَعْ للمها بذلك سربٌ فلقدأشبهتكِ إن لم تكُنكِ,تشبيه,تشبيه
140,15,ابن هانئ الأندلسيّ,قصيدة رقم (77)، البسيط، مِ.,كأنّهُ صنمٌ من بعدِ فطنتهِ وما التنفُّسُ معهودٌ منَ الصّنمِ,تشبيه,تشبيه
141,33,ابن اللبانة الداني,قصيدة رقم 70، كامل، ل,غُدُر الحديد عليهموكأنما بأكفهم للمرهفات جداول,تشبيه,تشبيه
142,5,ابن اللبانة الداني,قصيدة رقم 57، خفيف، فا,حجب البيت منك شخصًا كريمًامثلما تحجبُ الدنانُ السلافا,تشبيه,تشبيه
143,28,ابن هانئ الأندلسيّ,قصيدة رقم (46)، الطّويل، عُ.,كأنّ خلاخِيلَ المطايا إذا غدتْ تَجَاوَبُ أصْداءُ الفَلا تترّجّعُ,تشبيه,تشبيه
144,23,ابن هانئ الأندلسيّ,قصيدة رقم (46)، الطّويل، عُ.,كأنّ العِتاقَ الجُرْدَ مجْنوبَة ً لَهُ ظباءٌ ثنتْ أجيادَها وهي تتلعُ,تشبيه,تشبيه
145,22,ابن هانئ الأندلسيّ,قصيدة رقم (46)، الطّويل، عُ.,كأنّ أنابيبَ الصِّعادِ أراقمٌ تَلَمَّظُ في أنيابِها السّمُّ مُنقعُ,تشبيه,تشبيه
146,21,ابن هانئ الأندلسيّ,قصيدة رقم (46)، الطّويل، عُ.,كأنّ السّيوفَ المُصْلَتاتِ إذا طَمَتْ على البرِّ بحرٌ زاخرُ اليمِّ مُترَعُ,تشبيه,تشبيه
147,20,ابن هانئ الأندلسيّ,قصيدة رقم (46)، الطّويل، عُ.,كأنّ ظِلالَ الخافِقاتِ أمامَهُ غمائِمُ نَصْرِ الله لا يَتَقَشَّعُ,تشبيه,تشبيه
148,27,ابن هانئ الأندلسيّ,قصيدة رقم (46)، الطّويل، عُ.,كأنّ صِعابَ البُختِ إذ ذُلِّلَتْ لهُ أسارى ملوكٍ عضَّها القِدُّ صرعُ,تشبيه,تشبيه
149,26,ابن هانئ الأندلسيّ,قصيدة رقم (46)، الطّويل، عُ.,كأنّ سِراعَ البَخت تنشر أمنهُ على البيدِ آلٌ في الضّحى تترفّعُ,تشبيه,تشبيه
150,24,ابن هانئ الأندلسيّ,قصيدة رقم (46)، الطّويل، عُ.,كأنّ الكماة َ الصّيدَ لمّا تغشرمتْ حواليهِ أسدُ الغيلِ لا تتكعكعُ,تشبيه,تشبيه
151,6,ابن هانئ الأندلسيّ,قصيدة رقم (1)، الرّجز، ءُ.,وغدتْ مُمنَّعة َ القبابِكأنَّها بين الحِجالِ فريدةٌ عصماءُ,تشبيه,تشبيه
152,7,ابن هانئ الأندلسيّ,قصيدة رقم (1)، الرّجز، ءُ.,حُجِبَتْ ويُحجَبُ طيفُهافكأنَّما منهم على لحظاتِها رقباءُ,تشبيه,تشبيه
153,2,ابن هانئ الأندلسيّ,قصيدة رقم (1)، الرّجز، ءُ.,ما للمهارى النّاجياتِكأنَّها حتمٌ عليها البَينُ والعدواءُ,تشبيه,تشبيه
154,2,ابن هانئ الأندلسيّ,قصيدة رقم (40)، البسيط، شَ.,كأنّ أفعى سقتْ فولاذهُ حمةً وألبست جلدهُ من وشيها نمشا,تشبيه,تشبيه
155,4,ابن اللبانة الداني,قصيدة رقم 90، كامل، انِ,أنا مثلُ مرآةٍ صقيلٍ صفحُها ألقى الوجوهَبمثلِ ما تلقاني,تشبيه,تشبيه
156,11,ابن هانئ الأندلسيّ,قصيدة رقم (82)، البسيط، نُ.,كأنّ في فكّهِ أيتامَ أرملةٍ أو باكياتٍ عليهنّ التَّبابينُ,تشبيه,تشبيه
157,13,ابن هانئ الأندلسيّ,قصيدة رقم (82)، البسيط، نُ.,كأنّما كُلُّ ركْنٍ من طَبائِعِهِ نارٌ وفي كلّ عضوٍ منهُ كانونُ,تشبيه,تشبيه
158,12,ابن هانئ الأندلسيّ,قصيدة رقم (82)، البسيط، نُ.,كأنّما ينتقي العظمَ الصّليبَ لهُ من تحتِ كلّ رَحًى فِهْرٌ وهاوونُ,تشبيه,تشبيه
159,14,ابن هانئ الأندلسيّ,قصيدة رقم (82)، البسيط، نُ.,كأنّما في الحشا من خملِ معدتهِ قرنفلٌ وجواريشٌ وكمّونُ,تشبيه,تشبيه
160,2,ابن اللبانة الداني,قصيدة رقم 81، كامل، م,شاهدتهوكأنه من روضةٍ وكأنني من طائرٍ مترنم,تشبيه,تشبيه
161,18,ابن اللبانة الداني,قصيدة رقم 46، كامل، ضا,خفقت عليه رايةٌ وذؤابةٌفكأنّ صِلًّا نحوَ صلٍّ نَضْنَضا,تشبيه,تشبيه
162,3,ابن اللبانة الداني,قصيدة رقم 53، كامل، عه,والآن لاحظٌّ لنافكأنما وقفت مجاري الرزق ساعةَ خلعه,تشبيه,تشبيه
163,54,ابن هانئ الأندلسيّ,قصيدة رقم (46)، الطّويل، عُ.,و أضحى مردًّا بالنّجاةِكأنّهُ هزبْرُ عرينٍ ضمّ جنبيهِ أشجعُ,تشبيه,تشبيه
164,57,ابن هانئ الأندلسيّ,قصيدة رقم (46)، الطّويل، عُ.,و عبَّ عبابَ الموكبِ الفخم حولهُ وزَفَّكما زُفّ الصّباحُ المُلَمَّعُ,تشبيه,تشبيه
165,8,ابن هانئ الأندلسيّ,قصيدة رقم (59)، الكامل، كِ.,حسبوا التّكحُّلَ في جفونكِ حليةً تاللهِ ما بأكفّهِم كحلوكِ,تشبيه,تشبيه
166,31,ابن هانئ الأندلسيّ,قصيدة رقم (16)، الطّويل، خُ.,إلى كُلّ عَرّاصِ الكُعوبِكأنّه نوى القسبِ إلّا أنّهُ ليس يرضخُ,تشبيه,تشبيه
167,38,ابن هانئ الأندلسيّ,قصيدة رقم (16)، الطّويل، خُ.,قريتمْ سباعَ الأرض في كلّ معركٍكأنّ القنا فيه طهاة ٌ وطبَّخُ,تشبيه,تشبيه
168,37,ابن هانئ الأندلسيّ,قصيدة رقم (16)، الطّويل، خُ.,وكنتُمْ إذا ما ماجَ عُثنونُ قسطلٍكما اغبرّ مجهولُ المخارم سربخُ,تشبيه,تشبيه
169,23,ابن هانئ الأندلسيّ,قصيدة رقم (16)، الطّويل، خُ.,كما التهبتْ في ناظرِ البرقِ شعلة ٌ تلقَّى سَناها من فمِ الرّيح منفَخُ,تشبيه,تشبيه
170,26,ابن هانئ الأندلسيّ,قصيدة رقم (16)، الطّويل، خُ.,يرى الفجرَ منها تحتَ ليلٍ مسبَّجٍكأنّ حدادًا فيهِ بالنِّقسِ يلطخُ,تشبيه,تشبيه
171,4,ابن اللبانة الداني,قصيدة رقم 41، كامل، رِ,هزت بنعمة لفظها نفسيكما هزت بذكراه أعالي المنبر,تشبيه,تشبيه
172,3,ابن اللبانة الداني,قصيدة رقم 41، كامل، رِ,وتكلمتْفكأن طيب حديثها متعت منه بطيب مسك أذفر,تشبيه,تشبيه
173,6,ابن اللبانة الداني,قصيدة رقم 41، كامل، رِ,جادت عليّ بوصلهافكأنه جدوى يديه على المقل المُقتر,تشبيه,تشبيه
174,2,ابن اللبانة الداني,قصيدة رقم 41، كامل، رِ,وتبسمت عن جوهرفحسبته ما قلدته محامدي من جوهر,تشبيه,تشبيه
175,1,ابن اللبانة الداني,قصيدة رقم 41، كامل، رِ,وضحت وقد فضحت ضياء النّيرفكأنما التحفت ببشر مُبشّرِ,تشبيه,تشبيه
176,1,ابن هانئ الأندلسيّ,قصيدة رقم (67)، البسيط، لِ.,لي صارمٌ وهو شيعيٌّكحامِلِهِ يكادُ يسبِقُ كَرّاتي إلى البَطَلِ,تشبيه,تشبيه
177,6,ابن اللبانة الداني,قصيدة رقم 79، كامل، مُ,قد رشتني سهمًا فرشني طائرًاوكما نفدتُ فإنني أترنم,تشبيه,تشبيه
178,10,ابن اللبانة الداني,قصيدة رقم 9، متقارب، بُ,وعَبَّس وهو ندٍ مشرقٌكما ضحك العارض الأشنب,تشبيه,تشبيه
179,5,ابن اللبانة الداني,قصيدة رقم 58، سريع، اق,والقُضْبُ تثنيها الصَّبامثلما تعانقَ الأحبابُ يوم الفراق,تشبيه,تشبيه
180,3,ابن اللبانة الداني,قصيدة رقم 68، كامل، لا,وكأنما في الردف منه مباسمٌ تبغي هناك لوجههِ تقبيلا,تشبيه,تشبيه
181,8,ابن هانئ الأندلسيّ,قصيدة رقم (52)، البسيط، قُ.,تأتي عطاياهُ شتّى غيرَ واحدة ٍكما تَدافَعَ موج البحرِ يَصْطفِقُ,تشبيه,تشبيه
182,61,ابن هانئ الأندلسيّ,قصيدة رقم (86)، المتقارب، ا.,فجئتَكما شئتَ من جانبَيك فأنتَ الحياة ُ وأنتَ الرّدى,تشبيه,تشبيه
183,60,ابن هانئ الأندلسيّ,قصيدة رقم (33)، الطّويل، رَ.,كأنَّكَ شاهدتَ الحفايا سوافرا وأعجلتَ وجهَ الغَيبِ أن يتَستَّرا,تشبيه,تشبيه
184,42,ابن هانئ الأندلسيّ,قصيدة رقم (42)، الكامل، صِ.,وإذا استكانَ منَ النّوَى وعذابِها فإلى لسانٍ في الثّناءكمترصِ,تشبيه,تشبيه
185,43,ابن هانئ الأندلسيّ,قصيدة رقم (42)، الكامل، صِ.,صنعٌ يؤلَّفُ من نظامِكواكبٍ طلعتْ لغيرِ كثيّرٍ والأحوصِ,تشبيه,تشبيه
186,24,ابن هانئ الأندلسيّ,قصيدة رقم (4)، الكامل، بَ.,قمْ فاخترطْ لي منْ حواشي لحظهِ سيفًا يكونُكما علمتَ مجرَّبا,تشبيه,تشبيه
187,21,ابن هانئ الأندلسيّ,قصيدة رقم (13)، الكامل، حَ.,وهو الغمامُ يصوبُ فيه حياتنا لاكالغمام المستهلّ دلوحا,تشبيه,تشبيه
188,26,ابن هانئ الأندلسيّ,قصيدة رقم (13)، الكامل، حَ.,وصلوا أسًى بعليلِ تذكارٍكما وصَل النّشاوَى بالغَبوق صَبوحا,تشبيه,تشبيه
189,43,ابن هانئ الأندلسيّ,قصيدة رقم (59)، الكامل، كِ.,لاقيتَ كلَّكتيبةٍ وفللتَ كلَّ ضريبةٍ وألنتَ كلَّ عريكِ,تشبيه,تشبيه
190,41,ابن هانئ الأندلسيّ,قصيدة رقم (4)، الكامل، بَ.,وكأنّما طبعوا لهُ من لحظهِ سَيفًا رَقيقَ الشّفرتينِ مُشَطَّبا سَيفًا رَقيقَ الشّفرتينِ مُشَطّبا,تشبيه,تشبيه
191,6,ابن هانئ الأندلسيّ,قصيدة رقم (61)، الكامل، لَ.,وكأنّ طَيْفًا ما اهتَدى فبعثْتُم مِسكَ الجنوب الرَّدْعَ منه بَديلا,تشبيه,تشبيه
192,45,ابن هانئ الأندلسيّ,قصيدة رقم (4)، الكامل، بَ.,أنظرْ إليهِكأنّهُ متنصّلٌ بجفونِهِ ولقد يكون المذنبا,تشبيه,تشبيه
193,2,ابن هانئ الأندلسيّ,قصيدة رقم (61)، الكامل، لَ.,نَثَرَتْ نَدَى أنفاسِهافكأنّها نَثرَتْ حِبالاتِ الدُّموعِ هُمولا,تشبيه,تشبيه
194,46,ابن هانئ الأندلسيّ,قصيدة رقم (4)، الكامل، بَ.,وكأنّ صفحة َ خَدّهِ وعذارهِ تُفّاحة ٌ رُمِيَتْ لتَقْتُلَ عَقربا,تشبيه,تشبيه
195,23,ابن اللبانة الداني,قصيدة رقم 74، طويل، ما,ولم يصدع النقع المثار سنانهكما صَدَعَ الظلماءَ برقٌ تضر ما,تشبيه,تشبيه
196,24,ابن اللبانة الداني,قصيدة رقم 74، طويل، ما,ولا صورت في جسمه الدرع شكلهافأشبه مما صوّرت فيه أرقما,تشبيه,تشبيه
197,55,ابن هانئ الأندلسيّ,قصيدة رقم (3)، الطّويل، بُ.,وحسبيَ ممّا كانَ أو هو كائنٌ دليلان علم بالالهِ وتجريبُ,تشبيه,تشبيه
198,53,ابن هانئ الأندلسيّ,قصيدة رقم (3)، الطّويل، بُ.,وعزمٌ بظلُّ الخافقينكأنّه على أُفُقِ الدّنْيا بِناءٌ وتطنيبُ,تشبيه,تشبيه
199,21,ابن اللبانة الداني,قصيدة رقم 74، طويل، ما,ولم تخفقِ الراياتُ فيهافأشبهتْ قوادمَ طيرٍ في ذُرى الجو حُوّما,تشبيه,تشبيه
200,3,ابن هانئ الأندلسيّ,قصيدة رقم (79)، الكامل، نُ.,المشرقاتُكأنّهنّ كواكبٌ و النّاعماتُ كأنّهنَ غُصونُ,تشبيه,تشبيه
201,5,ابن هانئ الأندلسيّ,قصيدة رقم (65)، الكامل، لُ.,فكأنّما يومٌ ليومٍ طاردٌوكأنّما دهرٌ لدهرٍ آكلُ,تشبيه,تشبيه
202,22,ابن هانئ الأندلسيّ,قصيدة رقم (69)، الطّويل، مِ.,ويَمّمْتُ في طُرْقِ الجيادِ سبيلَهم لأصْليكما يَصْلَونَ نفحَ السّمائِمِ,تشبيه,تشبيه
203,9,ابن اللبانة الداني,قصيدة رقم 71، كامل، لُ,شفقٌ وشارقةٌ لديه ورقّةٌفكأنما هو بكرةٌ وأصيل,تشبيه,تشبيه
204,21,ابن هانئ الأندلسيّ,قصيدة رقم (51)، الطّويل، قُ.,وكالمشرفيِّ العضب يندى غرارهوكالعارض الوسميّ ينهلُّ مغدقهْ,تشبيه,تشبيه
205,22,ابن هانئ الأندلسيّ,قصيدة رقم (51)، الطّويل، قُ.,وكالكوكب الدريّ يحمد في الوغى تألُّقُ بيض المرهفاتِ تألُّقُهْ,تشبيه,تشبيه
206,2,ابن هانئ الأندلسيّ,قصيدة رقم (68)، البسيط، لُ.,يَشيعُ لهُ الإفْرِنْدُ دَمعًاكأنّما تذكّرَ يومَ اللّطفِ فهو يسيلُ,تشبيه,تشبيه
207,30,ابن هانئ الأندلسيّ,قصيدة رقم (51)، الطّويل، قُ.,لهُ هاجِسٌ يَفْري الفَرِيَّكأنّهُ شبا مشرفيٍّ ليسَ ينبو مذلِّقهْ,تشبيه,تشبيه
208,9,ابن هانئ الأندلسيّ,قصيدة رقم (26)، الطّويل، رِ.,إذا ذكَرتْهُ النّفسُ جاشتْ لذكرهِكما عثَرَ السّاقي بكأسٍ من الخمْرِ,تشبيه,تشبيه
209,42,ابن هانئ الأندلسيّ,قصيدة رقم (13)، الكامل، حَ.,تتجاوبُ الدّنْيا لديهم مأتَمًافكأنّما صبّحتهم تصبيحا,تشبيه,تشبيه
210,43,ابن هانئ الأندلسيّ,قصيدة رقم (13)، الكامل، حَ.,لَبِسوا معايبهم ورزْءَ فقيدِهمكاللّابسات على الحِدادِ مُسوحا,تشبيه,تشبيه
211,46,ابن هانئ الأندلسيّ,قصيدة رقم (13)، الكامل، حَ.,فكأنّ جَدّكَ في فوارسِ هاشِمٍ منهمْ بحيثُ يرى الحسينَ ذبيحا,تشبيه,تشبيه
212,39,ابن هانئ الأندلسيّ,قصيدة رقم (13)، الكامل، حَ.,فكأنّما فَغَرَتْ إليهِ جَهَنّمٌ منهنّ أو كلحتْ إليهِ كلوحا,تشبيه,تشبيه
213,63,ابن هانئ الأندلسيّ,قصيدة رقم (3)، الطّويل، بُ.,أراني إذا ما قلت بيتًا تنكّرتْ وجوهٌكما غشَّى الصّحائفَ تتريبُ,تشبيه,تشبيه
214,63,ابن هانئ الأندلسيّ,قصيدة رقم (4)، الكامل، بَ.,أخلاقنا حتّىكأنَّ ربيعةً من قبل يعربَ كان عاقد يشجبا,تشبيه,تشبيه
215,17,ابن هانئ الأندلسيّ,قصيدة رقم (22)، الطّويل، دُ.,معَ الفلك الدَّوّار لا هيَ كوكبٌ ولا هي مماتشبهُ الرَّيدُ والفندُ,تشبيه,تشبيه
216,29,ابن اللبانة الداني,قصيدة رقم 74، طويل، ما,تضيقُ عليّ الأرضُ حتىكأنما خُلقتُ وإياها سِوارًا ومِعصما,تشبيه,تشبيه
217,49,ابن هانئ الأندلسيّ,قصيدة رقم (51)، الطّويل، قُ.,وقد عمَّ من في ذلك الثّغرِ نائلًاكما افترقتْ تهمي من المزن فرَّقهْ,تشبيه,تشبيه
218,48,ابن هانئ الأندلسيّ,قصيدة رقم (51)، الطّويل، قُ.,ويعبَقُ ذاك التُّرْب من أوجُه الدّجىكما فاحَ من نشرِ الأحبّة ِ أعبقهْ,تشبيه,تشبيه
219,47,ابن هانئ الأندلسيّ,قصيدة رقم (51)، الطّويل، قُ.,يطيبُ نسيمُ الزّابِ من طيبِ ذكرهِكما فتّقَ المسكَ الذّكيَّ مفتِّقهْ,تشبيه,تشبيه
220,35,ابن هانئ الأندلسيّ,قصيدة رقم (13)، الكامل، حَ.,فكأنّما مَلَكَ القضاءَ مُقدِّرًافكأنّما مَلَكَ القضاءَ مُقدِّرًا في كلّ أوبٍ والحمامَ متيحا في كلّ أوبٍ في الحِمام متيحا,تشبيه,تشبيه
221,36,ابن هانئ الأندلسيّ,قصيدة رقم (13)، الكامل، حَ.,وقاك هيبة ذي الفقارِكأنّما وشَّحتهُ بنجادهِ توشيحا,تشبيه,تشبيه
222,53,ابن هانئ الأندلسيّ,قصيدة رقم (51)، الطّويل، قُ.,وبالمغرب الأقصَى قَريعُكتائبٍ يخبُّ بمسراهُ فيرجفُ مشرقهْ,تشبيه,تشبيه
223,40,ابن هانئ الأندلسيّ,قصيدة رقم (22)، الطّويل، دُ.,كأنَّ عليهم منك عنقاءَ تعتلي فليس لها ممَّن تخطّفهُ بدُّ,تشبيه,تشبيه
224,2,ابن اللبانة الداني,قصيدة رقم 54، كامل، فا,وكأنما مُنحَ السماءَ صحيفة والليلَ حبرًا والكواكبَ أحرُفا,تشبيه,تشبيه
225,61,ابن هانئ الأندلسيّ,قصيدة رقم (51)، الطّويل، قُ.,وما كحميدِ القولِ ينمى مزيدهُ ولاكاليَدِ البيضاءِ عندي تحقّقُهْ,تشبيه,تشبيه
226,39,ابن هانئ الأندلسيّ,قصيدة رقم (22)، الطّويل، دُ.,كأنّكَ وكَّلتَ السّحابَ بحربهم فمن عارضٍ يُمسي ومنْ عارضٍ يغدُو,تشبيه,تشبيه
227,38,ابن هانئ الأندلسيّ,قصيدة رقم (22)، الطّويل، دُ.,كأنَّ لهمْ من حادث الدّهرِ سائِقًا يسوقهمُ أو حاديًا بهمِ يحدو,تشبيه,تشبيه
228,56,ابن هانئ الأندلسيّ,قصيدة رقم (13)، الكامل، حَ.,أخشاكَ ينسي الشّمسَ مطلعهاكما أنسى الملائكَ ذكرُكَ التّسبيحا,تشبيه,تشبيه
229,4,ابن اللبانة الداني,قصيدة رقم 69، متقارب، لا,جرحتُ لديك وكنتُ البريءكما يجرحُ اللحظُ خدًّا أسيلا,تشبيه,تشبيه
230,8,ابن اللبانة الداني,قصيدة رقم 69، متقارب، لا,تكلفت فيها سوادَ الخُطوبفأشبهَ عنديَ طَرفا كحيلا,تشبيه,تشبيه
231,11,ابن هانئ الأندلسيّ,قصيدة رقم (86)، المتقارب، ا.,على أنّمِثلي رحيبُ اللَّبانِ على ما ينوبُ سليمُ الشّظى,تشبيه,تشبيه
232,36,ابن هانئ الأندلسيّ,قصيدة رقم (80)، الكامل، نِ.,لم يشْفَ جهْدُ القولِ منْهُ وإنّني رَهْنٌ بهِ وكفيلُهُكرهِينِهِ,تشبيه,تشبيه
233,5,ابن هانئ الأندلسيّ,قصيدة رقم (31)، الوافر، رِ.,ونجم اللّيلِ يركض في الدّياجيكأنّ الصّبح يطلبهُ بثارِ,تشبيه,تشبيه
234,2,ابن هانئ الأندلسيّ,قصيدة رقم (31)، الوافر، رِ.,كأنّ حبابَها خرزاتُ دُرٍّ علت ذهبًا بأقداح النّضارِ,تشبيه,تشبيه
235,6,ابن هانئ الأندلسيّ,قصيدة رقم (86)، المتقارب، ا.,ومنْ ليبمثلِ سلاح الزّمانِ فأسْطو عليه إذا ما سطا,تشبيه,تشبيه
236,27,ابن هانئ الأندلسيّ,قصيدة رقم (80)، الكامل، نِ.,يَسري به لجِبٌكأنّ زهاءَهُ آذِيُّ بحْرٍ يَرتَمي بسفينِهِ,تشبيه,تشبيه
237,19,ابن هانئ الأندلسيّ,قصيدة رقم (87)، البسيط، يِ.,ولو تَراهُ غَدا بالصّقْرِأشْبهَ مِنْ جوانحي بقَطًا في الجَوّ كُدْريِّ,تشبيه,تشبيه
238,21,ابن هانئ الأندلسيّ,قصيدة رقم (87)، البسيط، يِ.,وكالسَّنانِ الّذي يهتَزُّ في يَدِهِومثلِ أجدَلِهِ الصّقرِ القُطاميِّ,تشبيه,تشبيه
239,53,ابن هانئ الأندلسيّ,قصيدة رقم (17)، البسيط، دِ.,ذا أهرتٌكشدوقِ الأسد قد رجعت زأرًا وهذا غموسكالأخاديدِ,تشبيه,تشبيه
240,55,ابن هانئ الأندلسيّ,قصيدة رقم (17)، البسيط، دِ.,وقائعٌ كظمتهُ فانثنى خرسًاكأنّما كَعَمَتْ فاهُ بجلمودِ,تشبيه,تشبيه
241,31,ابن هانئ الأندلسيّ,قصيدة رقم (81)، الكامل، نِ.,قد كنتُأحسبُني تَقَصّيتُ الوَرى وبَلَوْتُ شِيعَة َ أهلِ كلِّ زَمانِ,تشبيه,تشبيه
242,80,ابن هانئ الأندلسيّ,قصيدة رقم (63)، البسيط، لِ.,إذا نَظَرْتَ إليْه نَظْرَة ً دَفَعَتْ إليكشبهك في الأشْباهِ لم يفِلِ,تشبيه,تشبيه
243,46,ابن هانئ الأندلسيّ,قصيدة رقم (87)، البسيط، يِ.,كأنّما حَلَقاتُ الدّرْعِ يوْمئِذٍ على قُراسِيَّةٍ بالقاعِ مطْلِيِّ,تشبيه,تشبيه
244,45,ابن هانئ الأندلسيّ,قصيدة رقم (87)، البسيط، يِ.,وقد دُعيتَ إلى الهيجا فجِئتَكما جأجأتَ للوِردِ بالفحلِ العزيزيِّ,تشبيه,تشبيه
245,82,ابن هانئ الأندلسيّ,قصيدة رقم (63)، البسيط، لِ.,كما رأى الملكُ المنصورُ شيمتهُ تَبدو عليك من المنصور قبل تَلي,تشبيه,تشبيه
246,44,ابن هانئ الأندلسيّ,قصيدة رقم (87)، البسيط، يِ.,أبقَيتَ منهم وقد رَدُّوا جيادَهُم بجائِشاتٍكأفواهِ البَخاتيِّ,تشبيه,تشبيه
247,66,ابن هانئ الأندلسيّ,قصيدة رقم (81)، الكامل، نِ.,خضنَ الظّلامِ إليهِ ثمّ اجتبنهُ ومَرَقنَ من سِجفَيْهِكالحُسبانِ,تشبيه,تشبيه
248,74,ابن هانئ الأندلسيّ,قصيدة رقم (17)، البسيط، دِ.,كأنَّ حلمكَ أرسى الأرض أو عقدتْ بهِ نواصي ذرى اعلامها القودِ,تشبيه,تشبيه
249,10,ابن هانئ الأندلسيّ,قصيدة رقم (53)، الرّجز، قِ.,أشْبَهَ شيءٍ قَدَحًا بريقِ يَسْعى بجيدٍ في الهوى ممشوقِ,تشبيه,تشبيه
250,13,ابن هانئ الأندلسيّ,قصيدة رقم (53)، الرّجز، قِ.,ويَغْرِسُ اللّؤلُؤَ في العَقِيقِكأنّ درَّ ثغرهِ الأنيقِ,تشبيه,تشبيه
251,51,ابن هانئ الأندلسيّ,قصيدة رقم (81)، الكامل، نِ.,فكَأنّ دينَكَ يوْمَ أرْدى كُفرَهُ أجلٌ بطشتَ لهُ بعمرٍ ثانِ,تشبيه,تشبيه
252,15,ابن هانئ الأندلسيّ,قصيدة رقم (53)، الرّجز، قِ.,ما زلتُ أسقي غيرَ مستفيقِ حتّى رأيتُ النّجمَكالغريقِ,تشبيه,تشبيه
253,52,ابن هانئ الأندلسيّ,قصيدة رقم (81)، الكامل، نِ.,وكأنّ أسرابَ الجيادِ ضحى وقد خفّت إليهِ كواسرُ العقبانِ,تشبيه,تشبيه
254,53,ابن هانئ الأندلسيّ,قصيدة رقم (81)، الكامل، نِ.,عطَفَتْ علَيهِ صدورَهافكأنّها عَطَفَتْ على كِسرى أنُو شروانِ,تشبيه,تشبيه
255,54,ابن هانئ الأندلسيّ,قصيدة رقم (81)، الكامل، نِ.,فكأنّما البرّاضُ صبّحَ أهلهُوكأنّهنّ هجائنُ النّعمانِ,تشبيه,تشبيه
256,57,ابن هانئ الأندلسيّ,قصيدة رقم (81)، الكامل، نِ.,فأتَى جُيوشَكَ إذْ أتَتْهُكأنّهُ ركضًا إليهِ طالبٌ لرهانِ,تشبيه,تشبيه
257,19,ابن هانئ الأندلسيّ,قصيدة رقم (81)، الكامل، نِ.,عُصِمت جَوارِحُهم منَ العدوَىكما وُقيتْ جوانحهم منَ الأضعانِ,تشبيه,تشبيه
258,40,ابن هانئ الأندلسيّ,قصيدة رقم (17)، البسيط، دِ.,كأنَّها في الذّرى سحقٌ مكمَّمةٌ من كلّ مخضودِ أعلى الضلع منضودِ,تشبيه,تشبيه
259,43,ابن هانئ الأندلسيّ,قصيدة رقم (17)، البسيط، دِ.,كأنّ أرماحهم تتلو اذا هزجت زابورَ داودَ في محرابِ داودِ,تشبيه,تشبيه
260,47,ابن هانئ الأندلسيّ,قصيدة رقم (17)، البسيط، دِ.,كأنّما بادرت منها ملوكهم مصارعُ القتل أو جاؤوا بموعودِ,تشبيه,تشبيه
261,3,ابن اللبانة الداني,قصيدة رقم 46، كامل، ضا,والتفَّ في حبراتهفحسبتُها من فوق عطفيه رداءً فضفضا,تشبيه,تشبيه
262,22,ابن هانئ الأندلسيّ,قصيدة رقم (81)، الكامل، نِ.,يَغشَوَنَ ناديَ أفْلحٍوكأنّما يغشونَ ربَّ التّاجِ من عدنانِ,تشبيه,تشبيه
263,23,ابن هانئ الأندلسيّ,قصيدة رقم (81)، الكامل، نِ.,حيُّوا جلالة َ قدرهِفكأنّما حيُّوا أمينَ اللّهِ في الإيوانِ,تشبيه,تشبيه
264,24,ابن هانئ الأندلسيّ,قصيدة رقم (81)، الكامل، نِ.,يردونَ جمّة َ علمهِ ونوالهِفكأنَّهمْ حيثُ التقى البحرانِ,تشبيه,تشبيه
265,7,ابن هانئ الأندلسيّ,قصيدة رقم (3)، الطّويل، بُ.,إذا لم أذُدْ عن ذلك الماءِ وردَهمْ وإنْ حَنّ وُرّادٌكما حنّتِ النِّيبُ,تشبيه,تشبيه
266,8,ابن هانئ الأندلسيّ,قصيدة رقم (42)، الكامل، صِ.,ويميلُ قمتهُ النّعاسُكأنَّهُ في أُخرياتِ اللّيلِ ذِفرَى أوقصِ,تشبيه,تشبيه
267,33,ابن هانئ الأندلسيّ,قصيدة رقم (17)، البسيط، دِ.,طعنٌ يكوّرُ هذا في فريسةِ ذاكأنَّ في كلّ شلو بطنَ ملحودِ,تشبيه,تشبيه
268,3,ابن اللبانة الداني,قصيدة رقم 72، طويل، لِ,وحسبك عند اللهحسبتك التي دعت شدة التقوى إلى كرم الفعل,تشبيه,تشبيه
269,2,ابن اللبانة الداني,قصيدة رقم 72، طويل، لِ,تخالهم رجل الجراد فعندما دلفت لهم طاروا بأجنحة النمل,تشبيه,تشبيه
270,54,ابن هانئ الأندلسيّ,قصيدة رقم (49)، الكامل، فَ.,وكأنّني بك قد بلغْتُ مآربي و قضيتُ من نسكِ المودِّع ما كفى,تشبيه,تشبيه
271,50,ابن هانئ الأندلسيّ,قصيدة رقم (49)، الكامل، فَ.,وكأنّني بِلِواءِ نَصرِكَ خافِقًا قد حامَ بينَ المروتينِ ورفرفا,تشبيه,تشبيه
272,49,ابن هانئ الأندلسيّ,قصيدة رقم (49)، الكامل، فَ.,وكأنّني بك قد هَزِجت مُلبّيًا وهَدَجْتَ بينَ شِعابِ مكّة والصَّفا,تشبيه,تشبيه
273,41,ابن هانئ الأندلسيّ,قصيدة رقم (49)، الكامل، فَ.,فكأنَّني بالجيش قد ضاقتْ بهِ أرضُ الحجازِ وبالمواسمِ دُلَّفا,تشبيه,تشبيه
274,7,ابن اللبانة الداني,قصيدة رقم 18، سريع، احْ,أعطافهُتشبه أعطافَ من راح فؤادي مَعَه حيث راح,تشبيه,تشبيه
275,84,ابن هانئ الأندلسيّ,قصيدة رقم (81)، الكامل، نِ.,كلُّ الدُّعاة ِ إلى الهُدَى كالسّطرِ في درجِ الكتابِ وأنتَكالعنوانِ,تشبيه,تشبيه
276,87,ابن هانئ الأندلسيّ,قصيدة رقم (81)، الكامل، نِ.,أعْجَلتَ في يوْمي رَجائي في غَدٍفكأنّني في جنَّة ِ الرّضوانِ,تشبيه,تشبيه
277,9,ابن هانئ الأندلسيّ,قصيدة رقم (16)، الطّويل، خُ.,بها أرجوانيُّ الشّقيقكأنّهُ خُدودٌ تُدَمّى أو نحورٌ تُلَخْلَخُ,تشبيه,تشبيه
278,61,ابن هانئ الأندلسيّ,قصيدة رقم (87)، البسيط، يِ.,وليس يلقاهُ من دون الملوكِ ولا الـ ـعيونِ إلّا سيورًاكالعراقيِّ,تشبيه,تشبيه
279,11,ابن هانئ الأندلسيّ,قصيدة رقم (55)، الخفيف، قِ.,و الأباريقُكالظِّباءِ العواطي أوجَسَتْ نَبْأةَ الجِياد العِتاقِ,تشبيه,تشبيه
280,2,ابن هانئ الأندلسيّ,قصيدة رقم (16)، الطّويل، خُ.,فحيّيتُ مزْورَّ الخيالِكأنّه محجَّبُ أعلى قُنّة ِ الملكِ أبلخُ,تشبيه,تشبيه
281,10,ابن اللبانة الداني,قصيدة رقم 8، طويل، بُ,ولله يومُ الأوبِ منككأنه وحيدٌ من الأيام ليس له صحب,تشبيه,تشبيه
282,12,ابن اللبانة الداني,قصيدة رقم 8، طويل، بُ,ومالوا إلى التسليم فوق جيادهمكما مالت الأغصانُ من تحتها كُثْب,تشبيه,تشبيه
283,13,ابن اللبانة الداني,قصيدة رقم 8، طويل، بُ,فَقفّوكْ ما قفّوا وهم للعلا رحى ودارواكما دارت وأنت لهم قُطب,تشبيه,تشبيه
284,74,ابن هانئ الأندلسيّ,قصيدة رقم (81)، الكامل، نِ.,وكواعبٍ محفوفةٍ بعصائبٍ قد كُلِّلتَ بالدُّرّ والمَرْجانِ,تشبيه,تشبيه
285,75,ابن هانئ الأندلسيّ,قصيدة رقم (81)، الكامل، نِ.,و المسكُ يعبقُ في البرودِكأنَّها زهرُ الرّبيعِ مفوَّفُ الألوانِ,تشبيه,تشبيه
286,17,ابن هانئ الأندلسيّ,قصيدة رقم (49)، الكامل، فَ.,فكأنّما وقع الصّريخُ إليهِما بحصارِ أنطاكيّة ٍ فاسترجفا,تشبيه,تشبيه
287,51,ابن هانئ الأندلسيّ,قصيدة رقم (87)، البسيط، يِ.,كأنّ أيديَها والقدُّ يَكعَمُها في كلِّ هاجرةِ أيدي الحرابيِّ,تشبيه,تشبيه
288,13,ابن هانئ الأندلسيّ,قصيدة رقم (49)، الكامل، فَ.,يسريفأحسبُ عناني قائفًا متفرّسًا أو زاجِرًا متعيِّفا,تشبيه,تشبيه
289,86,ابن هانئ الأندلسيّ,قصيدة رقم (87)، البسيط، يِ.,ما كنتُأحسَبُ أنَّ الدّهرَ يَزْلُفُ لي بحاتمٍ في اللّيالي غيرِ طائيِّ,تشبيه,تشبيه
290,85,ابن هانئ الأندلسيّ,قصيدة رقم (87)، البسيط، يِ.,تُغضي عنِ الذّنبِ أحيانًافتحسبني أشُكُّ في أحنَفِ احِلْمِ التّميميِّ,تشبيه,تشبيه
291,34,ابن هانئ الأندلسيّ,قصيدة رقم (55)، الخفيف، قِ.,حَسُنَتْ في العُيونِ حتّىحَسِبْنَا ها تردَّتْ محاسنَ الأخلاقِ,تشبيه,تشبيه
292,2,ابن هانئ الأندلسيّ,قصيدة رقم (7)، الكامل، بَ.,فيها قلوبُ العاشقينَتخالها عَنَمًا بأيْدي البِيضِ أو عنابا,تشبيه,تشبيه
293,8,ابن اللبانة الداني,قصيدة رقم 94، وافر، يه,أخاف السيف رقّ وراق حتىكأن عليه شيمةَ منتضيه,تشبيه,تشبيه
294,9,ابن اللبانة الداني,قصيدة رقم 94، وافر، يه,كأن الموت أودع فيه سرًّا ليرفعه إلى يومٍ كريه,تشبيه,تشبيه
295,17,ابن هانئ الأندلسيّ,قصيدة رقم (7)، الكامل، بَ.,فكأنّما ضربَ السَّماءَ سرادقًا بالزّابِ أو رَفعَ النّجومَ قَبابا,تشبيه,تشبيه
296,14,ابن هانئ الأندلسيّ,قصيدة رقم (7)، الكامل، بَ.,هذا الذي قدْ جلَّ عنْ أسمائهِ حتّى يسمَّى جعفرَ الوهّابا حتّىحَسِبناها له ألقابا,تشبيه,تشبيه
297,91,ابن هانئ الأندلسيّ,قصيدة رقم (84)، الكامل، نُ.,ألِفَ النّدى دَأبًا عليهكأنّهُ رَتْكُ المَطّيِ عليهِ أو وَخَدانُها,تشبيه,تشبيه
298,38,ابن هانئ الأندلسيّ,قصيدة رقم (7)، الكامل، بَ.,و رأيتُ أجبلَ أرضها منقادة ًفحسبتُها مدّتْ إليكَ رقابا,تشبيه,تشبيه
299,37,ابن هانئ الأندلسيّ,قصيدة رقم (7)، الكامل، بَ.,و سمعتُ فيها كلَّ خطبة ِفيصلٍ حتّىحَسِبْتُ مُلوكَها أعْرابا,تشبيه,تشبيه
300,26,ابن هانئ الأندلسيّ,قصيدة رقم (7)، الكامل، بَ.,ما كنتُأحسَبُ أن أرَى بشرًا كذا ليثًا ولا دِرْعًا يُسمّى غابَا,تشبيه,تشبيه
301,25,ابن هانئ الأندلسيّ,قصيدة رقم (7)، الكامل، بَ.,فكأنّه والأعوجيَّ إذا انتحى قمرٌ يُصرّفُ في العنانِ شِهابا,تشبيه,تشبيه
302,2,ابن هانئ الأندلسيّ,قصيدة رقم (38)، الكامل، رُ.,وكأنّما أنتَ النّبيُّ محمّدٌوكأنّما أنصارُكَ الأنصارُ,تشبيه,تشبيه
303,6,ابن هانئ الأندلسيّ,قصيدة رقم (79)، الكامل، نُ.,أعْدى الحَمامَ تأوُّهي من بعدهافكأنّهُ فيما سَجَعْنَ رَنينُ,تشبيه,تشبيه
304,57,ابن هانئ الأندلسيّ,قصيدة رقم (84)، الكامل، نُ.,تشكو الصِّفادَ لبُهرهافكأنَّما رَسَفَاتُ عانٍ دَلُّها رَسَفانُها,تشبيه,تشبيه
305,8,ابن هانئ الأندلسيّ,قصيدة رقم (79)، الكامل، نُ.,فكأنّما صبغوا الضّحى بقبابهمْ أو عصْفَرَتْ فيهِ الخدودَ جُفونُ,تشبيه,تشبيه
306,17,ابن اللبانة الداني,قصيدة رقم 65، وافر، كا,ووفرْ رايتي قبل ارتحاليكأن به استدل على غناكا,تشبيه,تشبيه
307,49,ابن هانئ الأندلسيّ,قصيدة رقم (84)، الكامل، نُ.,فكأنَّ هيكلَها تقدَّمَ رايةٌ وكأنّ صَفَّ الدّارعينَ دِنانُها,تشبيه,تشبيه
308,50,ابن هانئ الأندلسيّ,قصيدة رقم (84)، الكامل، نُ.,عنيتْ تطوفُ بها ولائدُهمْكما طافَتْ برَبّاتِ الحِجالِ قِيانُها,تشبيه,تشبيه
309,51,ابن هانئ الأندلسيّ,قصيدة رقم (84)، الكامل، نُ.,قد أوتيتْ من علمهمْفكأنّها أحبارُ تلك الكُتبِ أو رُهبانُها,تشبيه,تشبيه
310,85,ابن هانئ الأندلسيّ,قصيدة رقم (84)، الكامل، نُ.,تُزْجي الجِيادَ إلى الجِلادِكأنّما سرعانُ واردة ِ القَطا سرعانُها,تشبيه,تشبيه
311,67,ابن هانئ الأندلسيّ,قصيدة رقم (84)، الكامل، نُ.,وأُبُوّة ٌ هَجَرَتْ مَقاصِرَ مُلكِهافكأنّما أسيافُها أوطانُها,تشبيه,تشبيه
312,2,ابن اللبانة الداني,قصيدة رقم 42، كامل، سْ,فكأنما ماء الغمامِ مُدامةوكأن ساحات الديار كؤوس,تشبيه,تشبيه
313,41,ابن هانئ الأندلسيّ,قصيدة رقم (33)، الطّويل، رَ.,ألا إنّما كانت طلائعُ جوهَرٍ ببعضِ الهداياكالعُجالة ِ للقِرى ببعضِ الهداياكالعُجالة ِ للقرى,تشبيه,تشبيه
314,45,ابن هانئ الأندلسيّ,قصيدة رقم (33)، الطّويل، رَ.,فطابتْ لي الانباءُكأنّها لَطائمُ أطل تحملُ المِسكَ أذْفَرا,تشبيه,تشبيه
315,12,ابن هانئ الأندلسيّ,قصيدة رقم (42)، الكامل، صِ.,من يذعر السّرحانَ بعد ركائبي أم من يصي ليل التّمامكما أصي,تشبيه,تشبيه
316,9,ابن هانئ الأندلسيّ,قصيدة رقم (80)، الكامل، نِ.,يجلو لهُ الغيبَ المستَّرَ هاجسٌ تقفو النّباهَةُ ظَنَّهُكيَقينهِ,تشبيه,تشبيه
317,21,ابن هانئ الأندلسيّ,قصيدة رقم (42)، الكامل، صِ.,متهلّلٌ والعرفُ ما لم تجلهِ بالبشرِكالإبريزِ غيرَ مخلَّصِ,تشبيه,تشبيه
318,3,ابن هانئ الأندلسيّ,قصيدة رقم (80)، الكامل، نِ.,كالمشرفيّ العضبِ شاعَ فِرندُهُ وجَلَتْ مضارِبَهُ أكُفُّ قُيونِهِ,تشبيه,تشبيه
319,7,ابن هانئ الأندلسيّ,قصيدة رقم (32)، الطّويل، رُ.,وقدْ أشرفتْ خيلُ الإلهِ طوالعًا على الدّين والدّنياكما طَلَعَ الفجرُ,تشبيه,تشبيه
320,32,ابن هانئ الأندلسيّ,قصيدة رقم (63)، البسيط، لِ.,كأنّما عضَّ جفنيهِ الأزومُ على صَدرِ القَناة ِ أوِ استَحْيا منَ العَذَلِ,تشبيه,تشبيه
321,30,ابن هانئ الأندلسيّ,قصيدة رقم (63)، البسيط، لِ.,أتاكَ يعلوهُ من عصيانهِ خفرٌ حتّىكأنّ بهِ ضَرْبًا منَ الخَجَلِ,تشبيه,تشبيه
322,18,ابن هانئ الأندلسيّ,قصيدة رقم (63)، البسيط، لِ.,كأنَّ منهُ الّذي في اللّيلِ من غَسَقٍ داجٍ وما بحواشي الغَيمِ من طَحِلِ,تشبيه,تشبيه
323,11,ابن هانئ الأندلسيّ,قصيدة رقم (63)، البسيط، لِ.,إذا سَطا بادَرَتْ هامٌ مصارِعَهاكأنّما تتلقَّى الأرضَ للقَبَلِ,تشبيه,تشبيه
324,4,ابن اللبانة الداني,قصيدة رقم 8، طويل، بُ,رغا فوقهم سَقْبُ العُقاب فأصبحوا نشاوى من البلوىكأنهم شرْبُ,تشبيه,تشبيه
325,14,ابن هانئ الأندلسيّ,قصيدة رقم (63)، البسيط، لِ.,فقد شهِدتُ له بالمُعجِزاتِكما شَهِدْتُ لله بالتّوحيدِ والأزَلِ,تشبيه,تشبيه
326,8,ابن اللبانة الداني,قصيدة رقم 8، طويل، بُ,ملأت جذوع النخل منهم فأصبحت بهمكرِحالٍ شُدّ من فوقها قِتْبُ,تشبيه,تشبيه
327,9,ابن هانئ الأندلسيّ,قصيدة رقم (38)، الكامل، رُ.,في جحفلٍ هَتَمَ الثّنايا وقعُهُكالبحر فهو غُطامِطٌ زَخّارُ,تشبيه,تشبيه
328,1,ابن هانئ الأندلسيّ,قصيدة رقم (64)، الكامل، لُ.,قامَتْ تميسُكما تَدافَعَ جَدولُ وانْسابَ أيْمٌ في نَقًا يَتَهيَّلُ,تشبيه,تشبيه
329,74,ابن هانئ الأندلسيّ,قصيدة رقم (63)، البسيط، لِ.,ألَيسَ أوّلَ من ساس الأمور أتَتْ عَفوًا بما كان لميَحسَبْ ولم يَخَلِ,تشبيه,تشبيه
330,16,ابن هانئ الأندلسيّ,قصيدة رقم (33)، الطّويل، رَ.,محجَّلة ً غُرًّا وزُهرًا نواصعًاكأنَّ قباطيًّا عليها منشِّرا,تشبيه,تشبيه
331,17,ابن هانئ الأندلسيّ,قصيدة رقم (33)، الطّويل، رَ.,ودُهمًا إذا استقبلنَ حوًّاكأنّما عُلِلنَ إلى الأرساغِ مسكًا وعنبرا,تشبيه,تشبيه
332,6,ابن اللبانة الداني,قصيدة رقم 60، منسرح، قِ,أسمرُ: مثلُ القناة ذو هيفٍ وطرفُهكالسنان ذو زَرَقٍ,تشبيه,تشبيه
333,2,ابن هانئ الأندلسيّ,قصيدة رقم (20)، المنسرح، دَ.,يثري علينا ندى يديكَكما تدافعَ الموجُ جالَ فاطّردا,تشبيه,تشبيه
334,4,ابن اللبانة الداني,قصيدة رقم 70، كامل، ل,والعيش يقطر نضرةًفكأنه خدٌّ به ماءُ الشبيبةِ جائلُ,تشبيه,تشبيه
335,11,ابن اللبانة الداني,قصيدة رقم 52، بسيط، عُ,يُعِدُّ للأمر قبل الأمر واجبهكأنه كاهنٌ فيه لما يقع,تشبيه,تشبيه
336,14,ابن اللبانة الداني,قصيدة رقم 52، بسيط، عُ,قومٌ يوالفُ سيماهم طهارتهمكأنهم بطباع المزن قد طبعوا,تشبيه,تشبيه
337,9,ابن هانئ الأندلسيّ,قصيدة رقم (43)، البسيط، طُ.,والأرْضُ تبسُطُ في الثّرى وَرَقًاكما تُنشَرُ في حافاتها البُسُطُ,تشبيه,تشبيه
338,14,ابن هانئ الأندلسيّ,قصيدة رقم (1)، الرّجز، ءُ.,فكأنّما كانتْ تذكّرنيكُم فتميدُ في أعطافها البرحاءُ,تشبيه,تشبيه
339,6,ابن هانئ الأندلسيّ,قصيدة رقم (43)، البسيط، طُ.,كأنّ تهتانها في كلِّ ناحيةٍ مَدٌّ من البحرِ يعلو ثم ينهبطُ,تشبيه,تشبيه
340,18,ابن هانئ الأندلسيّ,قصيدة رقم (1)، الرّجز، ءُ.,ذمّ اللّيالي بعدَ ليلتنا التي سَلَفَتْكما ذمّ الفراقَ لقاءُ,تشبيه,تشبيه
341,4,ابن هانئ الأندلسيّ,قصيدة رقم (43)، البسيط، طُ.,أهْدى الرّبيعُ إلينا روضَهُ آنفًاكما تنفّسَ عن كافورهِ السَفِطُ,تشبيه,تشبيه
342,3,ابن هانئ الأندلسيّ,قصيدة رقم (43)، البسيط، طُ.,كأنّهُ ساِخطٌ يَرضى على عَجَلٍ فما يدومُ رضًى منه ولا سخَطُ,تشبيه,تشبيه
343,21,ابن اللبانة الداني,قصيدة رقم 41، كامل، رِ,فكأن أنملها سيوف مبشرٍ وقد اكتست علق النجيع الأحمر,تشبيه,تشبيه
344,20,ابن هانئ الأندلسيّ,قصيدة رقم (1)، الرّجز، ءُ.,حتّى بدتْ والفجرُ في سِرْبالِهافكأنّها خَيفانةٌ صدراءُ,تشبيه,تشبيه
345,21,ابن هانئ الأندلسيّ,قصيدة رقم (1)، الرّجز، ءُ.,ثمّ انتحى فيها الصّديعُ فأدبَرَتْوكأنّها وَحْشِيّةٌ عَفْراءُ,تشبيه,تشبيه
346,29,ابن هانئ الأندلسيّ,قصيدة رقم (1)، الرّجز، ءُ.,جودٌكأنَّ اليمَّ فيهِ نُفاثة ٌ وكأنما الدّنيا عليهِ غُثاءُ,تشبيه,تشبيه
347,26,ابن هانئ الأندلسيّ,قصيدة رقم (1)، الرّجز، ءُ.,إنَ المكارمَ كنَّ سربًا رائدًا حتّى كنسنَكأنَّهنَّ ظباءُ,تشبيه,تشبيه
348,12,ابن اللبانة الداني,قصيدة رقم 41، كامل، رِ,وتوشحتفكأنه في جوشنٍ قد قام عنبره مقام العثيَرِ,تشبيه,تشبيه
349,19,ابن هانئ الأندلسيّ,قصيدة رقم (84)، الكامل، نُ.,و تعرَّضتْ طُررُ الشُّمولِكأنَّها عذباتُ أوشحةٍ يروقُ جُمانُها,تشبيه,تشبيه
350,43,ابن هانئ الأندلسيّ,قصيد رقم (78)، الطّويل، مُ.,وأنّكَ فتَّ السّابقينَكأنّما مساعيك في سوقِ الرّجالِ أداهمُ,تشبيه,تشبيه
351,44,ابن هانئ الأندلسيّ,قصيد رقم (78)، الطّويل، مُ.,مَرَيْتَ سِجالًا من عِقابٍ ونائلٍكأنّكَ للأعمارِ والرّزقِ قاسمُ,تشبيه,تشبيه
352,24,ابن اللبانة الداني,قصيدة رقم 90، كامل، انِ,والخيرُ يجلو كلَّ شيءٍمثلما تجلو الشكوكَ إقامةُ البرْهان,تشبيه,تشبيه
353,47,ابن هانئ الأندلسيّ,قصيد رقم (78)، الطّويل، مُ.,وتنْظُرُ عُلْوًا أينَ منكَ وُفودُهاكأنّكَ يومَ الرّكبِ للبرقِ شائِمُ,تشبيه,تشبيه
354,12,ابن هانئ الأندلسيّ,قصيدة رقم (84)، الكامل، نُ.,وكأنّ قُدسَ ويذبُلًا وفَدا ذرى أعلامِهِ حتّى رستْ أركانُها,تشبيه,تشبيه
355,46,ابن هانئ الأندلسيّ,قصيد رقم (78)، الطّويل، مُ.,وأدنيتَها بالإذنِ حتّىكأنّما تَخَطّتْ إليكَ السّيْفَ والسّيْفُ قائِمُ,تشبيه,تشبيه
356,17,ابن هانئ الأندلسيّ,قصيدة رقم (84)، الكامل، نُ.,بُطْنانُها وَشيُ البُرودِ وعَصْبُهافكأنّما قُوهِيُّها ظُهْرانُها,تشبيه,تشبيه
357,37,ابن هانئ الأندلسيّ,قصيدة رقم (32)، الطّويل، رُ.,فكُلُّ إمَاميٍّ يجيءُكأنّمَا على يدهِ الشِّعرى وفي وجهه البدرُ,تشبيه,تشبيه
358,20,ابن هانئ الأندلسيّ,قصيدة رقم (84)، الكامل، نُ.,وكأنَّ أفوافَ الرِّياضِ نثرنَ في صفحاتها فتفوَّفتْ ألوانُها,تشبيه,تشبيه
359,16,ابن اللبانة الداني,قصيدة رقم 90، كامل، انِ,يخفي المكارمَ وهو يوقد نارَهافكأنها نارٌ بغير دخانِ,تشبيه,تشبيه
360,19,ابن اللبانة الداني,قصيدة رقم 90، كامل، انِ,أسدى إليّ من الصنايعمثلما أسدتَ أوائلُه إلى حسّان,تشبيه,تشبيه
361,98,ابن هانئ الأندلسيّ,قصيدة رقم (1)، الرّجز، ءُ.,و اللهُ في علياكَ أصدقُ قائلٍفكأنّ قولَ القائلينَ هُذاءُ,تشبيه,تشبيه
362,55,ابن هانئ الأندلسيّ,قصيد رقم (78)، الطّويل، مُ.,فمَهْلًا فقد أرستمُوناكأنّما صَنائعُكُمْ عُرْبٌ ونحنُ أعاجِمُ,تشبيه,تشبيه
363,96,ابن هانئ الأندلسيّ,قصيدة رقم (1)، الرّجز، ءُ.,حسبي بمدحك فيهِ ذخرًا إنّهُ للنُّسْكِ عند النّاسكين كِفاءُ,تشبيه,تشبيه
364,57,ابن هانئ الأندلسيّ,قصيد رقم (78)، الطّويل، مُ.,فثمّ زمانٌكالشّبيبة ِ مُذهبٌ وئمّ ليالٍ كالقدودِ نواعمُ,تشبيه,تشبيه
365,10,ابن هانئ الأندلسيّ,قصيدة رقم (84)، الكامل، نُ.,خَضِلُ البشاشة ِ مونقٌ من مائهافكأنَّهُ متهلِّلٌ جذلانُها,تشبيه,تشبيه
366,6,ابن هانئ الأندلسيّ,قصيدة رقم (55)، الخفيف، قِ.,وَدَنَوْا للوَداعِ حتّى ترى الـ أجـيادَ فوقَ الأجيادكالأطواقِ,تشبيه,تشبيه
367,40,ابن هانئ الأندلسيّ,قصيدة رقم (32)، الطّويل، رُ.,فجرَّدَ ذو التّاج المقاديرَ دونهاكما جُرِّدتْ بِيضٌ مضاربُها حُمرُ,تشبيه,تشبيه
368,35,ابن هانئ الأندلسيّ,قصيدة رقم (84)، الكامل، نُ.,وكأنّها الفردوسُ دارَ قرارهِ و كأنّ شافعَ جودهِ رِضْوانُها,تشبيه,تشبيه
369,34,ابن هانئ الأندلسيّ,قصيدة رقم (84)، الكامل، نُ.,وكأنّما لَبِسَتْ شَبيبَتَهُ وقَدْ غادى النّدى متهَدِّلًا ريعانُها,تشبيه,تشبيه
370,39,ابن هانئ الأندلسيّ,قصيدة رقم (84)، الكامل، نُ.,وتخالُها صَفراءَ عارَضَتِ الدُّجى وسرَتْ فنادَمَ كوكبًا نُدمانُها,تشبيه,تشبيه
371,13,ابن هانئ الأندلسيّ,قصيدة رقم (32)، الطّويل، رُ.,أطيعوا إمامًا للأئمَّةِ فاضلًاكما كانتِ الأعمالُ يفضلها البرُّ,تشبيه,تشبيه
372,14,ابن هانئ الأندلسيّ,قصيدة رقم (32)، الطّويل، رُ.,ردوا ساقيًا لا تنزفونَ حياضَهُ جَمومًاكما لا يَنزِفُ الأبحُرَ الذَّرُّ,تشبيه,تشبيه
373,34,ابن اللبانة الداني,قصيدة رقم 90، كامل، انِ,عبتُم رطوبة منطقيفكأنكم عيتم فتورَ اللحظ من وسنان,تشبيه,تشبيه
374,22,ابن هانئ الأندلسيّ,قصيدة رقم (84)، الكامل، نُ.,لترى فنونَ السّحرِأمثلة ً وما يُدري الجهولُ لَعَلّها أعيانُها,تشبيه,تشبيه
375,24,ابن هانئ الأندلسيّ,قصيدة رقم (32)، الطّويل، رُ.,أدارَكما شاءَ الوَرَى وتحيَّزَتْ على السّبعة ِ الأفلاكِ أنملهُ العشرُ,تشبيه,تشبيه
376,1,ابن اللبانة الداني,قصيدة رقم 73، بسيط، ما,أذكى القلوب أسى أبكى العيون دمًا خطبٌ وجدناك فيهيشبه العدما,تشبيه,تشبيه
377,32,ابن هانئ الأندلسيّ,قصيدة رقم (84)، الكامل، نُ.,فكأنّهُ سيفُ بنُ ذي يَزَنٍ بها وكأنّها صَنعاءُ أو غُمدانُها,تشبيه,تشبيه
378,29,ابن اللبانة الداني,قصيدة رقم 90، كامل، انِ,ملأ البسيطة فيه جندك كثرةًفكأنَّ جندَك جاء من غسّان,تشبيه,تشبيه
379,28,ابن اللبانة الداني,قصيدة رقم 90، كامل، انِ,فكأنّ نجمَ المشتري في سَعده والنيرين تجمعتْ لقران,تشبيه,تشبيه
380,4,ابن هانئ الأندلسيّ,قصيدة رقم (8)، الكامل، بُ.,فكأنّ هذا عاشِقٌ وكأنّ ذا كَ معشَّقٌ وكأنّ ذاكَ رقيبُ,تشبيه,تشبيه
381,41,ابن هانئ الأندلسيّ,قصيدة رقم (1)، الرّجز، ءُ.,و الشّمسُ ترجعُ عن سناه جفونهاوكأنّها مَطرُوفة ٌ مرْهاءُ,تشبيه,تشبيه
382,21,ابن هانئ الأندلسيّ,قصيدة رقم (11)، الطّويل، ثُ.,مُضاعَفُ نسج العرضِ يمشيكأنمّا يلوثُ به سِرْبالَ داودَ لائثُ,تشبيه,تشبيه
383,52,ابن هانئ الأندلسيّ,قصيدة رقم (1)، الرّجز، ءُ.,تجري أياديه التي أولاهمُفكأنَّها بينَ الدّماءِِ دماءُ,تشبيه,تشبيه
384,15,ابن هانئ الأندلسيّ,قصيد رقم (78)، الطّويل، مُ.,وتغْدو على يحيَى الوُفودُ ببابِهِكما ابْتَدَرَتْ أُمَّ الحَطيمِ المَواسمُ,تشبيه,تشبيه
385,13,ابن هانئ الأندلسيّ,قصيدة رقم (11)، الطّويل، ثُ.,تَبَسّمَتِ الأيّامُ عنهُ ضواحِكًاكما ابتسمت حُوُّ الرّياضِ الدّمائثُ,تشبيه,تشبيه
386,12,ابن هانئ الأندلسيّ,قصيدة رقم (11)، الطّويل، ثُ.,و إنّ حرامًا أن نؤمّلَ غيرهُكما حُرّمَتْ في العالَمين الخبائثُ,تشبيه,تشبيه
387,11,ابن هانئ الأندلسيّ,قصيدة رقم (11)، الطّويل، ثُ.,إذا نحن جئناهُ اقتسمنا نوالهُكما اقتُسِمَتْ في الأقربينَ الموارثُ,تشبيه,تشبيه
388,24,ابن هانئ الأندلسيّ,قصيدة رقم (21)، الرّمل، دْ.,كلُّ رقراقِ الحواشي فوقهمْكعيونٍ من أفاعٍ وجرادْ,تشبيه,تشبيه
389,63,ابن هانئ الأندلسيّ,قصيدة رقم (1)، الرّجز، ءُ.,أو مَا ترى دولَ الملوكِ تطيعهُفكأنَّها خَوَلٌ لهُ وإماءُ,تشبيه,تشبيه
390,20,ابن هانئ الأندلسيّ,قصيد رقم (78)، الطّويل، مُ.,و ليسكما قالوا المنيّة ُكاسمهما ولكنّها في كفّهِ اليومَ صارمُ,تشبيه,تشبيه
391,26,ابن هانئ الأندلسيّ,قصيد رقم (78)، الطّويل، مُ.,تُعرِّضُها للطّعْنِ حتّىكأنّها لها من عداها أضلعٌ وحيازمُ,تشبيه,تشبيه
392,27,ابن هانئ الأندلسيّ,قصيد رقم (78)، الطّويل، مُ.,وتطعنهم لم تعْدُ نحرًا ولبَّة ًكأنّكَ في عقدٍ منَ الدُّرّ ناظمُ,تشبيه,تشبيه
393,77,ابن هانئ الأندلسيّ,قصيدة رقم (1)، الرّجز، ءُ.,فكأنّما فوقَ الأكُفِّ بَوارقٌوكأنّما فوقَ المنونِ إضاءُ,تشبيه,تشبيه
394,32,ابن هانئ الأندلسيّ,قصيد رقم (78)، الطّويل، مُ.,سبقْتَ المَنايا واقعًا بنفوسِهِمكما وقعَتْ قبلَ الخوافي القوادمُ,تشبيه,تشبيه
395,73,ابن هانئ الأندلسيّ,قصيدة رقم (1)، الرّجز، ءُ.,لا يصدرونَ نحورها يومَ الوغى إلّاكما صبغَ الخدودَ حياءُ,تشبيه,تشبيه
396,34,ابن هانئ الأندلسيّ,قصيد رقم (78)، الطّويل، مُ.,غزوا في الدّروعِ السّابغاتِكأنّما تُديرُ عُيونًا فوقهُنّ الأراقمُ,تشبيه,تشبيه
397,34,ابن هانئ الأندلسيّ,قصيدة رقم (11)، الطّويل، ثُ.,سَقَيْتُ أعاديكَ الذّعافَ مثَمّلًاكأنّ حبابَ الرّملِ من فيّ نافثُ,تشبيه,تشبيه
398,33,ابن هانئ الأندلسيّ,قصيدة رقم (11)، الطّويل، ثُ.,نظمتُ رقيقَ الشّعر فيك وجَزلَهُكأنّيَ بالمرجانٍ والدُّرِّ عابثُ,تشبيه,تشبيه
399,31,ابن هانئ الأندلسيّ,قصيدة رقم (11)، الطّويل، ثُ.,كأنّك في يومِ الهياجِ مرنَّحٌ تهيجُ المثاني شجوَهُ والمثالثُ,تشبيه,تشبيه
400,11,ابن هانئ الأندلسيّ,قصيدة رقم (85)، المتقارب، ا.,كأنّ المجامرَ أذكَيْنَهُ أو اغتبقَ الخمرَ حتّى انتشى,تشبيه,تشبيه
401,1,ابن اللبانة الداني,قصيدة رقم 85، طويل، نى,يروقك في أهل الجمال ابنُ سيّدٍكترجمةٍ راقت وليس لها معنى,تشبيه,تشبيه
402,92,ابن هانئ الأندلسيّ,قصيدة رقم (60)، الكامل، لُ.,فكأنّها بينَ اللِّصابِ نضانضٌ وكأنّهَا بينَ الهِضابِ وُعولُ,تشبيه,تشبيه
403,2,ابن اللبانة الداني,قصيدة رقم 95، سريع، ية,قد كتَبَ الشعرُ على خدّه (أوكالذي مرَّ على القَريةْ),تشبيه,تشبيه
404,94,ابن هانئ الأندلسيّ,قصيدة رقم (60)، الكامل، لُ.,و استشعرتْ أجبالُها لك هيبة ً حتّىحَسِبنَا أنّها ستَزُولُ,تشبيه,تشبيه
405,91,ابن هانئ الأندلسيّ,قصيدة رقم (32)، الطّويل، رُ.,لبسنا بهِ أيّامَ دهرٍكأنّها بها وسنٌ أو مالَ ميلًا بها السّكرُ,تشبيه,تشبيه
406,90,ابن هانئ الأندلسيّ,قصيدة رقم (32)، الطّويل، رُ.,فكيفَ مواليهِ الّذينَكأنّهمْ سماءٌ على العافينَ أمطارُها التّبرُ,تشبيه,تشبيه
407,18,ابن هانئ الأندلسيّ,قصيدة رقم (85)، المتقارب، ا.,وتحسبُ أطرافَ آذانها يراعًا بُرينَ لها بالمُدى,تشبيه,تشبيه
408,15,ابن هانئ الأندلسيّ,قصيدة رقم (85)، المتقارب، ا.,كأنّ قَطًا فوق أكفالها إذا ما سَرَينَ يثرنَ القَطا,تشبيه,تشبيه
409,2,ابن اللبانة الداني,قصيدة رقم 35، كامل، رُ,فكأنها بغداد أنت رشيدُها ووزيرُها - وله السلامة - جعفرُ,تشبيه,تشبيه
410,72,ابن هانئ الأندلسيّ,قصيدة رقم (32)، الطّويل، رُ.,كأنّي به قد سارَ في النّاسِ سيرة ً تودُّ لها بغدادُ لو أنّها مصرُ,تشبيه,تشبيه
411,76,ابن هانئ الأندلسيّ,قصيدة رقم (21)، الرّمل، دْ.,ولقد جِئتُمْكما قد شِئْتُمُ ليس في فخركُمُ من مُستَزادْ,تشبيه,تشبيه
412,85,ابن هانئ الأندلسيّ,قصيدة رقم (32)، الطّويل، رُ.,فحسبكمُ يا أهلَ مصرٍ بعدلهِ دليلًا على العدل الّذي عنه تفترُّوا,تشبيه,تشبيه
413,82,ابن هانئ الأندلسيّ,قصيدة رقم (32)، الطّويل، رُ.,وبيَّنتَها بالكتبِ من كلِّ مدرجٍكأنَّ جميعَ الخيرِ في طيِّهِ سطرُ,تشبيه,تشبيه
414,81,ابن هانئ الأندلسيّ,قصيدة رقم (32)، الطّويل، رُ.,وصاةًكما أوصى بها الله رُسْلَهُ وليس بإذنٍ أنت مسمعُها وقرُ,تشبيه,تشبيه
415,101,ابن هانئ الأندلسيّ,قصيدة رقم (60)، الكامل، لُ.,وكأنّ دَولَتَكَ المنيرة َ فيهم ذَهَبٌ على أيّامِهِمْ مَحلولُ,تشبيه,تشبيه
416,80,ابن هانئ الأندلسيّ,قصيدة رقم (85)، المتقارب، ا.,كأنّ الهُدى لم يكن كائنًا إلى أنْ دُعيتَ مُعِزَّ الهُدى,تشبيه,تشبيه
417,18,ابن اللبانة الداني,قصيدة رقم 70، كامل، ل,وكأن سطوته معاينة الردى وغرار صارمه القضاء النازل,تشبيه,تشبيه
418,15,ابن اللبانة الداني,قصيدة رقم 70، كامل، ل,وكأنّ نشر زمانه مع بشره بكر لأيام الصبا وأصائل,تشبيه,تشبيه
419,14,ابن اللبانة الداني,قصيدة رقم 70، كامل، ل,وكأنما نور الربيع ونوره في الحسن أخلاق له وشمائل,تشبيه,تشبيه
420,10,ابن اللبانة الداني,قصيدة رقم 70، كامل، ل,وكأنما هي في السماحة طيّئُوكأنما هو في السماحة وابل,تشبيه,تشبيه
421,38,ابن هانئ الأندلسيّ,قصيدة رقم (85)، المتقارب، ا.,كما استجفل الرّملَ من عالجٍ فجاء الخبَارَ وجاءَ الَّنقا,تشبيه,تشبيه
422,77,ابن هانئ الأندلسيّ,قصيدة رقم (85)، المتقارب، ا.,إذا ما طَوَيتَ على عَزْمَةٍفحسبكَ أن لا تحلّ الحُبى,تشبيه,تشبيه
423,1,ابن هانئ الأندلسيّ,قصيدة رقم (53)، الرّجز، قِ.,وشامخُ العرنينِ جاثليقٍ مروَّعٍبمثلنا مطروقِ,تشبيه,تشبيه
424,1,ابن اللبانة الداني,قصيدة رقم 61، بسيط، قا,أهديتْ لي من بناتِ الكرم فاكهةًكأن طيبَ اللمى من طيبها أشرقا,تشبيه,تشبيه
425,8,ابن هانئ الأندلسيّ,قصيدة رقم (63)، البسيط، لِ.,ما يستقِرُّ لهُمْ رأسٌ على جَسَدٍكأنَّ أجسامهمْ يلعبنَ بالقُلَلِ,تشبيه,تشبيه
426,5,ابن هانئ الأندلسيّ,قصيدة رقم (63)، البسيط، لِ.,أمّا العَدُوُّ فلا تَحْفَلْ بمَهلكِهِ فإنّما هوكالمحصورِ في الطِّوَلِ,تشبيه,تشبيه
427,94,ابن هانئ الأندلسيّ,قصيدة رقم (26)، الطّويل، رِ.,فلا تُرهِقُوني بالمزيدِفحسبكموحسبي لديكمْ ما ترونَ منَ الوفرِ,تشبيه,تشبيه
428,93,ابن هانئ الأندلسيّ,قصيدة رقم (26)، الطّويل، رِ.,كفَّاني ما ألبستموني منَ العلاوحسبي ما خوَّلتموني منَ الوفرِ,تشبيه,تشبيه
429,1,ابن اللبانة الداني,قصيدة رقم 48، طويل، عا,قدمتَ ربيعًا والربيعُكأنما تأخّر وترًا إذ تقدمته شَفْعًا,تشبيه,تشبيه
430,95,ابن هانئ الأندلسيّ,قصيدة رقم (26)، الطّويل، رِ.,أسَرَّكُمُ أنّي نهضْتُ بلا قُوًىكما سرّكمُ أنّي اعتذرتُ بلا عُذْرِ,تشبيه,تشبيه
431,24,ابن هانئ الأندلسيّ,قصيدة رقم (43)، البسيط، طُ.,خابتْ أُميّة ُ منه في الّذي طلبَتْكما يخيبُ برأسِ الأقرعِ المُشُطُ,تشبيه,تشبيه
432,16,ابن هانئ الأندلسيّ,قصيدة رقم (43)، البسيط، طُ.,إمامُ عدلٍ وفى في كلِّ ناحية ٍكما قضَوْا في الإمامِ العدلِ واشترطوا,تشبيه,تشبيه
433,83,ابن هانئ الأندلسيّ,قصيدة رقم (26)، الطّويل، رِ.,وما كانتِ الأيامُ تأتيبمثلكمْ قديمًا ولكن كنتُمُ بَيْضَة َ العُقرِ,تشبيه,تشبيه
434,52,ابن هانئ الأندلسيّ,قصيدة رقم (26)، الطّويل، رِ.,ومثلك يدعو المرهَفَ العضْبَ عزمهُ وتدعُو ظباهُ كلَّ مُرهَفَة ِ الخَصْرِ,تشبيه,تشبيه
435,12,ابن هانئ الأندلسيّ,قصيدة رقم (43)، البسيط، طُ.,تاللهِ لو كانتِ الأنواءُتشبهُهُ ما مَرَّ بُؤسٌ على الدّنْيا ولا قَنَطُ,تشبيه,تشبيه
436,11,ابن هانئ الأندلسيّ,قصيدة رقم (43)، البسيط، طُ.,كأنّما هي أنفاسُ المعزِّ سرتْ لا شُبْهَة ٌ للنّدى فِيهَا ولا غَلَطُ,تشبيه,تشبيه
437,67,ابن هانئ الأندلسيّ,قصيدة رقم (26)، الطّويل، رِ.,كبدر الدّجى كالشّمسِكالفجر كالضّحى كصرف القضا كاللّيث كالغيث كالبحرِ,تشبيه,تشبيه
438,68,ابن هانئ الأندلسيّ,قصيدة رقم (26)، الطّويل، رِ.,لَعمري لقد أُيّدتَ يومَ الوغى بهِكما أُيِّدتْ كفّاكَ بالأنمُل العشرِ,تشبيه,تشبيه
439,13,ابن هانئ الأندلسيّ,قصيدة رقم (62)، الطّويل، لِ.,و قد شاقني إيماضُ برقٍ بذي الغضىكما حُرِّكتْ في الشّمسِ بيضُ المناصِلِ,تشبيه,تشبيه
440,16,ابن هانئ الأندلسيّ,قصيدة رقم (62)، الطّويل، لِ.,فهل هذه الأيّامُ إلّاكما خَلا وهل نحنُ إلّاكالقُرُونِ الأوائلِ,تشبيه,تشبيه
441,7,ابن هانئ الأندلسيّ,قصيدة رقم (56)، السّريع، قِ.,يا هل ترى ظعنًاكما رحلت غدائرُ المكرمةِ السّحقِ,تشبيه,تشبيه
442,18,ابن هانئ الأندلسيّ,قصيدة رقم (62)، الطّويل، لِ.,فما عاجِلٌ تَرْجوهُ إلّاكآجِلٍ و لا آجلٌ نخشاهُ إلّا كعاجلِ,تشبيه,تشبيه
443,5,ابن اللبانة الداني,قصيدة رقم 63، قُ,وآنستني من وحشةٍفكأنما مددت عليَّ الظل والشمسُ تحرق,تشبيه,تشبيه
444,2,ابن اللبانة الداني,قصيدة رقم 63، قُ,كتابٌكما يُتلى الكتابُ وراءه حديثٌكما يروى الحديثُ المصدّقُ,تشبيه,تشبيه
445,3,ابن اللبانة الداني,قصيدة رقم 63، قُ,أضاء الهوى في صَفح ما قد خططتَهكما ضاءَ في وجهِ الحقيقةِ رونقُ,تشبيه,تشبيه
446,11,ابن اللبانة الداني,قصيدة رقم 83، طويل، مِ,مشى في موشّى عبقريّكأنه طراز الصِّبا منه بخدّ منعّم,تشبيه,تشبيه
447,16,ابن اللبانة الداني,قصيدة رقم 73، بسيط، ما,وروضة الحسن من أزهارها عريت حزنًا عليك لأنأشبهتها شيما,تشبيه,تشبيه
448,25,ابن هانئ الأندلسيّ,قصيدة رقم (62)، الطّويل، لِ.,تسلَّ به عمّنْ سواهُومثلهُ يُريك أباهُ في صدورِ المحافلِ,تشبيه,تشبيه
449,29,ابن هانئ الأندلسيّ,قصيدة رقم (62)، الطّويل، لِ.,وهم يتّقونَ الذَّمَّ حتّىكأنّهُ ذُعافُ الأفاعي في شِفارِ المناصلِ,تشبيه,تشبيه
450,28,ابن اللبانة الداني,قصيدة رقم 83، طويل، مِ,كأن الذي في نوره من تلألؤٍ شقيق الذي في ناره تضرم,تشبيه,تشبيه
451,29,ابن اللبانة الداني,قصيدة رقم 83، طويل، مِ,كأنّ تواقيع الرضا بعد سخطه مواقع مزنٍ في عواقب صيلم,تشبيه,تشبيه
452,26,ابن اللبانة الداني,قصيدة رقم 83، طويل، مِ,كأنّ تخاطيط الحياة بخدّه حواشي رداء مذهب النسج معلم,تشبيه,تشبيه
453,27,ابن اللبانة الداني,قصيدة رقم 83، طويل، مِ,كأن سنا مرآه في جود كفّه سنا الشمس (...) في حِبا الغيث ينهمي,تشبيه,تشبيه
454,31,ابن اللبانة الداني,قصيدة رقم 83، طويل، مِ,كأن لدى هيباته وهباته جنى جنةٍ محفوفةٍ بجهنم,تشبيه,تشبيه
455,32,ابن اللبانة الداني,قصيدة رقم 83، طويل، مِ,كأنّ ثبوت الراسيات ثبوته إذا خفّ من خوف الردى كل محجم,تشبيه,تشبيه
456,30,ابن اللبانة الداني,قصيدة رقم 83، طويل، مِ,كأنّ مذاقيه ليانا وشدة حلاوة شهد في مرارة علقم,تشبيه,تشبيه
457,33,ابن اللبانة الداني,قصيدة رقم 83، طويل، مِ,كأنّ أديم الأرض راحة كفّه وفي بسطها قبض على كل مجرم,تشبيه,تشبيه
458,25,ابن اللبانة الداني,قصيدة رقم 83، طويل، مِ,كأنّ سجاياه ربيع مفوّف تفتح عن زهرِ نضير منعم,تشبيه,تشبيه
459,16,ابن هانئ الأندلسيّ,قصيدة رقم (52)، البسيط، قُ.,و الشّذقميّةُ جعدًا في مباركهاكأنّها في الغزيرِ المكلىءِ الغسقُ,تشبيه,تشبيه
460,21,ابن هانئ الأندلسيّ,قصيدة رقم (52)، البسيط، قُ.,كأنّ أعْداهُ أسْرَى حَبائِلِهِ فما يحصّنهمْ شعبٌ ولا نفقُ,تشبيه,تشبيه
461,50,ابن هانئ الأندلسيّ,قصيدة رقم (60)، الكامل، لُ.,نزلوا بأرضٍ لم يمسُّوا تربها حتّىكأنَّ وقوعهم تحليلُ,تشبيه,تشبيه
462,60,ابن هانئ الأندلسيّ,قصيدة رقم (60)، الكامل، لُ.,يَجِدونَها بينَ الجوانحِ والحَشافكأنّما هي زفرَةٌ وغَلِيلُ,تشبيه,تشبيه
463,62,ابن هانئ الأندلسيّ,قصيدة رقم (60)، الكامل، لُ.,وكأنّما شمسُ الظّهيرَةِ فوقَهُمْ يرّتَدُّ عنها الطَّرفُ وهو كليلُ,تشبيه,تشبيه
464,61,ابن هانئ الأندلسيّ,قصيدة رقم (60)، الكامل، لُ.,وكأنّها الدّهْرُ المُنيخُ عليهِم لا يستطاعُ لصرفهِ تحويلُ,تشبيه,تشبيه
465,64,ابن هانئ الأندلسيّ,قصيدة رقم (60)، الكامل، لُ.,دعهُ يجمِّعُ ألفَ ألفِكتيبةٍ فهو النَّكُولُ وجَمْعُهُ المفلُولُ,تشبيه,تشبيه
466,37,ابن هانئ الأندلسيّ,قصيدة رقم (56)، السّريع، قِ.,تحسب فيها طرفَيْ رمحِهِ قوسَ هلال كرَّ في محقِ,تشبيه,تشبيه
467,2,ابن هانئ الأندلسيّ,قصيدة رقم (39)، الطّويل، سُ.,كما قابلت عينٌ من اليمِّ لجَّةً وقد نحرتها من مطالعها الشّمسُ,تشبيه,تشبيه
468,36,ابن هانئ الأندلسيّ,قصيدة رقم (56)، السّريع، قِ.,كأنَّ بين السَّردِ من تختها غِفارةً من لبطةٍ لفقِ,تشبيه,تشبيه
469,31,ابن هانئ الأندلسيّ,قصيدة رقم (56)، السّريع، قِ.,كأنّما في كفِّهِ للورى مفاتحُ الآجالِ والرّزقِ,تشبيه,تشبيه
470,43,ابن هانئ الأندلسيّ,قصيدة رقم (23)، الكامل، دِ.,فكأنّكَ المقدارُ يعرفُهُ الورى من غيرِ تكييفٍ ولا تحديدِ,تشبيه,تشبيه
471,103,ابن هانئ الأندلسيّ,قصيدة رقم (70)، الطّويل، مِ.,غِطَمٍّ خضمِّ المَوجِ أورَقَ جَحفَلٌ لهامٍكمِرْداةِ الصّفيحِ ململمِ,تشبيه,تشبيه
472,25,ابن هانئ الأندلسيّ,قصيدة رقم (23)، الكامل، دِ.,حسبي مدى الآمال يحيى إنّهُ أمْنُ المروَّعِِ عصْمة ُ المنجودِ,تشبيه,تشبيه
473,45,ابن هانئ الأندلسيّ,قصيدة رقم (56)، السّريع، قِ.,مجتمعُ الرّأيِ إذا ما مضىكأنّهُ صاعقةُ المحقِ,تشبيه,تشبيه
474,42,ابن هانئ الأندلسيّ,قصيدة رقم (56)، السّريع، قِ.,كأنَّما في الدّرع ذو لبدةٍ اخرقُ من ماسذةٍ خرقِ,تشبيه,تشبيه
475,3,ابن اللبانة الداني,قصيدة رقم 86، كامل، ن,ولقد يلوحُكما تكشّفَ مِعْصمٌ فترى الوشاةَكما استدار بدين,تشبيه,تشبيه
476,27,ابن هانئ الأندلسيّ,قصيدة رقم (5)، البسيط، بِ.,و تخضبُ الحَلَقَ الماذيَّ من علقٍكأنما صاغها داودُ من ذهبِ,تشبيه,تشبيه
477,140,ابن هانئ الأندلسيّ,قصيدة رقم (70)، الطّويل، مِ.,سيوفٌ كأغمادِ السّيوفِ ودولةٌ تثنَّى دلالًاكالقضيبِ المنعَّمِ,تشبيه,تشبيه
478,39,ابن اللبانة الداني,قصيدة رقم 83، طويل، مِ,لك المنشآت الجارياتكأنها ضواري شواهين على الماء حوم,تشبيه,تشبيه
479,3,ابن اللبانة الداني,قصيدة رقم 22، طويل، دِ,كأن رياض الحزن بُسطٌ تدبّجت بأنواع ألوانٍ حسانٍ فرائد,تشبيه,تشبيه
480,25,ابن هانئ الأندلسيّ,قصيدة رقم (5)، البسيط، بِ.,فإنْ أتَيْتَهُمُ عن فَترَة ٍ فهُمُكما عهدتهمُ في سالفِ الحقبِ,تشبيه,تشبيه
481,2,ابن اللبانة الداني,قصيدة رقم 22، طويل، دِ,وتحسب في أطراف طرفائها الندى بقية كحل في رؤوس المزاود,تشبيه,تشبيه
482,111,ابن هانئ الأندلسيّ,قصيدة رقم (70)، الطّويل، مِ.,كما سار في الأنصار جَدُّكَ من منًى وقادَ الحواريَّين عيسى ابنُ مريمِ,تشبيه,تشبيه
483,104,ابن هانئ الأندلسيّ,قصيدة رقم (70)، الطّويل، مِ.,كأنّ عليه اليَمَّ باليَمِّ تلتقي غَوارِبهُ واللّيْل باللّيلِ يَرتَمي,تشبيه,تشبيه
484,14,ابن هانئ الأندلسيّ,قصيدة رقم (65)، الكامل، لُ.,يا دارُأشبهت المها فيك المها والسّربُ إلّا أنَّهنَّ مطافلُ,تشبيه,تشبيه
485,1,ابن اللبانة الداني,قصيدة رقم 12، وافر، ات,كأن علاك أفلاك وفلك بأرزاق البرية جاريات,تشبيه,تشبيه
486,2,ابن اللبانة الداني,قصيدة رقم 12، وافر، ات,كأن هباتها من غير وعد نتائج مالهن مقدمات,تشبيه,تشبيه
487,118,ابن هانئ الأندلسيّ,قصيدة رقم (70)، الطّويل، مِ.,وقد غَضِبَتْ للدّينِ باسطَ كَفّهِ إليهِنّ في الآفاقِكالمُتَظَلِّمِ,تشبيه,تشبيه
488,77,ابن هانئ الأندلسيّ,قصيدة رقم (65)، الكامل، لُ.,ولقد تكونُ لكَ الأسِنّة ُ مَضْجَعًا حتّىكأنَّكَ عن حِمامكَ غافلُ,تشبيه,تشبيه
489,78,ابن هانئ الأندلسيّ,قصيدة رقم (65)، الكامل، لُ.,تَغْدو على مُهَجِ اللّيوثِ مُجاهِرًا حتّىكأنَّكَ من بدارِ خاتلُ,تشبيه,تشبيه
490,54,ابن هانئ الأندلسيّ,قصيدة رقم (65)، الكامل، لُ.,فكأنّما عتمت لهنَّ مرافقٌوكأنّما زفرت لهنَّ مراكلُ,تشبيه,تشبيه
491,56,ابن هانئ الأندلسيّ,قصيدة رقم (65)، الكامل، لُ.,اللّاحقاتُ وراءَها وأمامَهافكأنّهنّ جنائبٌ وشمائلُ,تشبيه,تشبيه
492,162,ابن هانئ الأندلسيّ,قصيدة رقم (70)، الطّويل، مِ.,وليسكما أبقت صنيعةُ أضخمٍ وليسكما شادت قبائلُ جرهمِ,تشبيه,تشبيه
493,168,ابن هانئ الأندلسيّ,قصيدة رقم (70)، الطّويل، مِ.,كأنّكم لا تحسبون أكفَّكم تفيضُ على العافي إذا لم يحكَّمِ,تشبيه,تشبيه
494,160,ابن هانئ الأندلسيّ,قصيدة رقم (70)، الطّويل، مِ.,وكنتم إذا ما لم تثلَّم شفارُكم علمنا بأنَّ الهامَ غيرُمثلَّمِ,تشبيه,تشبيه
495,14,ابن اللبانة الداني,قصيدة رقم 62، كامل، قُ,وكأن أعلامَ الأمير مُبشِّرٍ نُشرت على قلبي فأصبحَ يَخفِقُ,تشبيه,تشبيه
496,17,ابن اللبانة الداني,قصيدة رقم 62، كامل، قُ,فكأنّ صوبَ حيًا وصعقةَ بارقٍ ما ضمَّ منه نديُّهُ والمأزِقُ,تشبيه,تشبيه
497,45,ابن هانئ الأندلسيّ,قصيدة رقم (65)، الكامل، لُ.,وكأنّهُنّ على العيونِ غياهبٌ وكأنّهُنّ على النّفوسِ حبائلُ,تشبيه,تشبيه
498,19,ابن اللبانة الداني,قصيدة رقم 62، كامل، قُ,بأسٌكما جمد الحديدُ وراءه كرمٌ يسيلُكما يسيلُ الزئبق,تشبيه,تشبيه
499,13,ابن اللبانة الداني,قصيدة رقم 15، بسيط، اتُ,حسبتُها من قَناهُ أو أعنتهِ إذا بها لِثقافِ المجدِ آلات,تشبيه,تشبيه
500,26,ابن اللبانة الداني,قصيدة رقم 15، بسيط، اتُ,كأنَّ واديها سلكٌ بلبَّتها وغايةُ الحسنِ أسلاكٌ ولبات,تشبيه,تشبيه
501,24,ابن اللبانة الداني,قصيدة رقم 15، بسيط، اتُ,أرضكأن على أقطارها سُرُجا قد أوقدتهُنَّ في الأذهان أنْبات,تشبيه,تشبيه
502,90,ابن هانئ الأندلسيّ,قصيدة رقم (65)، الكامل، لُ.,تلتفُّ خُرصانُ العوالي فوقهُفكأنَّما الآفاقُ منهُ خمائلُ,تشبيه,تشبيه
503,14,ابن هانئ الأندلسيّ,قصيدة رقم (74)، الطّويل، مْ.,أضمُّ عليها أضلعيوكأنَّها منَ الذّعرِ تشوى أو تطرقها لمَمْ,تشبيه,تشبيه
504,5,ابن هانئ الأندلسيّ,قصيدة رقم (11)، الطّويل، ثُ.,أيحسَبُ ساري اللّيلة ِ البدرَ واحدًا و في كللِ الأظعانِ ثانٍ وثالثُ,تشبيه,تشبيه
505,19,ابن هانئ الأندلسيّ,قصيدة رقم (74)، الطّويل، مْ.,أنازعها باللّحظ سرًّاكأنّما تعلَّم منها اللّحظُ ما نسي القَلَمْ,تشبيه,تشبيه
506,84,ابن هانئ الأندلسيّ,قصيدة رقم (65)، الكامل، لُ.,تمضي ويتبعكَ الغمامُ بوبلهِفكأنّهُ مذ جئت أنت مساجلُ,تشبيه,تشبيه
507,88,ابن هانئ الأندلسيّ,قصيدة رقم (65)، الكامل، لُ.,فكأنَّما الهضباتُ منهُ أجارعٌ وكأنَّما البكراتُ منهُ أصائلُ,تشبيه,تشبيه
508,89,ابن هانئ الأندلسيّ,قصيدة رقم (65)، الكامل، لُ.,وكأنَّما هوَ من سماءٍ خارجٌ وكأنَّما هوَ في سماءٍ داخلُ,تشبيه,تشبيه
509,1,ابن هانئ الأندلسيّ,قصيدة رقم (74)، الطّويل، مْ.,نظرتُكما حلَّت عقابٌ على أُرَمْ وإنّي لفردٌ مثل ما انفرد الزّلمْ,تشبيه,تشبيه
510,33,ابن هانئ الأندلسيّ,قصيدة رقم (18)، الطّويل، دُ.,أطاع لها أنّ الملائك خلفهاكما وقفت خلف الصّفوف ردودُ,تشبيه,تشبيه
511,31,ابن هانئ الأندلسيّ,قصيدة رقم (18)، الطّويل، دُ.,قبابكما تزجى القبابُ على المها ولكنَّ من ضمَّت عليه أُسودُ,تشبيه,تشبيه
512,10,أبو بقاء الرندي,قصيدة رقم 11، بسيط، انُ,وصار ما كان من مُلْك ومن مَلِككما حكى عن خَيال الطَّيْف وَسْنان,تشبيه,تشبيه
513,37,ابن هانئ الأندلسيّ,قصيدة رقم (18)، الطّويل، دُ.,مواخرُ في طامي العبابِكأنَّها لعزمك بأسٌ أو لكفك جودُ,تشبيه,تشبيه
514,28,ابن هانئ الأندلسيّ,قصيدة رقم (76)، المتقارب، مْ.,و بيضةِ خدرٍ تجرُّ الذّيولَكما أتلَعَ الخِشْفُ لمّا بَغَمْ,تشبيه,تشبيه
515,10,ابن هانئ الأندلسيّ,قصيدة رقم (30)، البسيط، رَ.,شعرًا أحَطتُمْ بهِ عِلمًاكأنّكُمُ فاوضتم العيسَ في فحواه والحمرا,تشبيه,تشبيه
516,18,ابن هانئ الأندلسيّ,قصيدة رقم (30)، البسيط، رَ.,ولو حرصتم على إحياءِ مهجتهِكما حرَصْتُم على ديوانِهِ نُشِرا,تشبيه,تشبيه
517,15,ابن هانئ الأندلسيّ,قصيدة رقم (30)، البسيط، رَ.,ضجرتُم وأتانا من ملامكمُ ومن معاريضكم مايُشبهُ الضّجرا,تشبيه,تشبيه
518,64,ابن هانئ الأندلسيّ,قصيدة رقم (64)، الكامل، لُ.,وعَجاجَةٌ شُقَّتْ سيوفُ الهِندِ من أكمامِهافكأنّمَا هي خَيْعَلُ,تشبيه,تشبيه
519,65,ابن هانئ الأندلسيّ,قصيدة رقم (64)، الكامل، لُ.,تسعى على وجْهِ الصّباحِكأنّما في كلّ شارِقَةٍ كثيبٌ أهيلُ,تشبيه,تشبيه
520,55,ابن هانئ الأندلسيّ,قصيدة رقم (18)، الطّويل، دُ.,كما اشتملتْ فوقَ الأرائكِ خردٌ أو التفعت فوق المنابر صيدُ,تشبيه,تشبيه
521,53,ابن هانئ الأندلسيّ,قصيدة رقم (18)، الطّويل، دُ.,تكبَّرنَ عن نقعٍ يثاركأنَّها موالٍ وجردُ الصّافنات عبيدُ,تشبيه,تشبيه
522,44,ابن هانئ الأندلسيّ,قصيدة رقم (76)، المتقارب، مْ.,و أنتَ تجودُبمثلِ البكارِ منَ التّبرِ في مثلها منْ أدَمْ,تشبيه,تشبيه
523,30,أبو بقاء الرندي,قصيدة رقم 11، بسيط، انُ,وحاملين سيوف الهند مُرْهفةًكأنها في ظلام النَّقْعِ نيران,تشبيه,تشبيه
524,29,أبو بقاء الرندي,قصيدة رقم 11، بسيط، انُ,يا راكبين عِتَاق الخيل ضامرةًكأنها في مَجال السَّبْق عِقبان,تشبيه,تشبيه
525,50,ابن هانئ الأندلسيّ,قصيدة رقم (64)، الكامل، لُ.,أمّا العيانُ فلا عيانُ يَحُدُّهُ لكنْ رُواؤكَ في الضّميرِمُمَثَّلُ,تشبيه,تشبيه
526,37,ابن هانئ الأندلسيّ,قصيدة رقم (19)، الرّمل، دْ.,ولحالَتْ دونَهُ رَجْراجةٌكعُبابِ البحرِ يَرْمي بالزّبَدْ,تشبيه,تشبيه
527,33,ابن هانئ الأندلسيّ,قصيدة رقم (19)، الرّمل، دْ.,واستْحالَ الزَّأرُ ارنانًاكما رَجعَ الباكي على الأيكِ الغردْ,تشبيه,تشبيه
528,46,ابن هانئ الأندلسيّ,قصيدة رقم (18)، الطّويل، دُ.,لها شُعَلٌ فوقَ الغماركأنّها دماءٌ تلقَّتها ملاحفُ سودُ,تشبيه,تشبيه
529,47,ابن هانئ الأندلسيّ,قصيدة رقم (18)، الطّويل، دُ.,تعانق موج البحر حتّىكأنَّهُ سليطٌ لها فيهِ الذّبال عتيدُ,تشبيه,تشبيه
530,43,ابن هانئ الأندلسيّ,قصيدة رقم (18)، الطّويل، دُ.,إذا زفرت غيظًا ترامت بمارجٍكما شبَّ من نار الجحيمِ وقودُ,تشبيه,تشبيه
531,21,أبو بقاء الرندي,قصيدة رقم 11، بسيط، انُ,تبكي الحنيفيّةُ البيضاءُ من أسفٍكما بكى لِفراق الإلف هَيْمان,تشبيه,تشبيه
532,56,ابن هانئ الأندلسيّ,قصيدة رقم (76)، المتقارب، مْ.,قصُرنَ عليكمْكأنّ الشّآ مَ و أرضَ العراقِ عليها حرَمْ,تشبيه,تشبيه
533,48,ابن هانئ الأندلسيّ,قصيدة رقم (18)، الطّويل، دُ.,ترى الماءَ فيها وهو قانٍ عبابهُكما باشرت ردع الخلوق جلودُ,تشبيه,تشبيه
534,12,أبو بقاء الرندي,قصيدة رقم 11، بسيط، انُ,كأنّما الصَّعبُ لم يَسْهُل له سَبَب يومًا ولا مَلَك الدنيا سُلَيمانُ,تشبيه,تشبيه
535,45,ابن هانئ الأندلسيّ,قصيدة رقم (64)، الكامل، لُ.,فكأنّما يسقيهِ مجَّةَ ريقهِ صلٌّ ويأكلُ من حشاه فُرعُلُ,تشبيه,تشبيه
536,24,ابن اللبانة الداني,قصيدة رقم 62، كامل، قُ,تلقى العفاةُ يمينهوكأنها قلبٌ إلى لقيا الأحبةِ شيِّق,تشبيه,تشبيه
537,40,أبو بقاء الرندي,قصيدة رقم 11، بسيط، انُ,يا رُبَّ أمٍّ وطفلٍ حِيل بينهماكما تفرّقُ أَرواح وأَبْدان,تشبيه,تشبيه
538,41,أبو بقاء الرندي,قصيدة رقم 11، بسيط، انُ,وطَفلةٍ ما رأتها الشمس إِذْ بَرزتكأنما هي ياقوتٌ ومَرْجانُ,تشبيه,تشبيه
539,31,ابن اللبانة الداني,قصيدة رقم 62، كامل، قُ,خاضت غدير الماء سابحةً بهفكأنما هي في سرابٍ أينُقُ,تشبيه,تشبيه
540,30,ابن اللبانة الداني,قصيدة رقم 62، كامل، قُ,وبنو الحروب على الجواريّ التي تجريكما تجري الجيادُ السُّبق,تشبيه,تشبيه
541,32,ابن اللبانة الداني,قصيدة رقم 62، كامل، قُ,ملأ الكماةُ ظهورَها وبطونها فأتتْكما يأتي السحابُ المُغدِقُ,تشبيه,تشبيه
542,35,ابن اللبانة الداني,قصيدة رقم 62، كامل، قُ,وكأنها أفلامُ كاتبِ دولةٍ في عرْضِ قرطاسِ تُخطُّ وتمشق,تشبيه,تشبيه
543,34,ابن اللبانة الداني,قصيدة رقم 62، كامل، قُ,هزّت مجاذيفًا إليككأنها أهدابُ عينٍ للرقيبُ تُحدّق,تشبيه,تشبيه
544,4,ابن اللبانة الداني,قصيدة رقم 6، طويل، بُ,سقى الله عهدًا كنت صيّبَ عهدهبمثلِ الذي قد كنت تسقي وتشربُ,تشبيه,تشبيه
545,10,ابن هانئ الأندلسيّ,قصيدة رقم (18)، الطّويل، دُ.,ولاكاللّيالي مالهنّ مواثقٌ ولاكالغواني مالهنّ عهودُ,تشبيه,تشبيه
546,11,ابن هانئ الأندلسيّ,قصيدة رقم (76)، المتقارب، مْ.,وأشبهكَ البحرُ إن قيلَ ذا غِطَمٌّ وهذا جَوادٌ غطَمْ,تشبيه,تشبيه
547,89,ابن هانئ الأندلسيّ,قصيدة رقم (64)، الكامل، لُ.,فكأنّهُ لكَ صارمٌ أعدَدتَهُ وكأنّهُ مذ ألفِ عامٍ يُصْقَلُ,تشبيه,تشبيه
548,5,ابن هانئ الأندلسيّ,قصيدة رقم (51)، الطّويل، قُ.,ولم يكتحل غمضًا قباتكأنّما يريع إلى إلفٍ منَ المزنِ يعشقهْ,تشبيه,تشبيه
549,3,ابن هانئ الأندلسيّ,قصيدة رقم (51)، الطّويل، قُ.,وما إن خبا حتّىحسبتُ منَ الدّجى على الأفق زنجيًّا تكشَّفَ يلمقهْ,تشبيه,تشبيه
550,67,ابن هانئ الأندلسيّ,قصيدة رقم (19)، الرّمل، دْ.,ترْتَبي مرهوبةًتَحْسَبُها كوكَبَ اللّيل على الليّلِ رصَدْ,تشبيه,تشبيه
551,79,ابن هانئ الأندلسيّ,قصيدة رقم (18)، الطّويل، دُ.,أليس عجيبًا إن دعاك إلى الوغىكما حرَّضَ اللَّيْثَ المُزعفرَ سيدُ,تشبيه,تشبيه
552,17,ابن اللبانة الداني,قصيدة رقم 26، طويل، دِ,وثقتُ به ضيفًا على رغم حاسديكأني وقفٌ ضاق منه على زند,تشبيه,تشبيه
553,14,ابن هانئ الأندلسيّ,قصيدة رقم (56)، السّريع، قِ.,كأنّما جرّدتُم للنّوى أسيافَ قومي فهي لا تبقي,تشبيه,تشبيه
554,8,ابن هانئ الأندلسيّ,قصيدة رقم (57)، الطّويل، كُ.,سَرَيْنا وطُفنَا بالحِجالِ وأهلِهاكما طافَ بالبيتِ المُحجَّبِ ناسكُ,تشبيه,تشبيه
555,85,ابن هانئ الأندلسيّ,قصيدة رقم (19)، الرّمل، دْ.,فَتَرى للْبَغْيِ في أعْطافِهِكاندفاعِ الموجِ في طامٍ ثمدْ,تشبيه,تشبيه
556,7,ابن هانئ الأندلسيّ,قصيدة رقم (57)، الطّويل، كُ.,وليلٍ عليهِ رقمٌ وشيٍكأنَّما تُمدُّ عليهِ بالنّجومِ الدّرانكُ,تشبيه,تشبيه
557,81,ابن هانئ الأندلسيّ,قصيدة رقم (19)، الرّمل، دْ.,كفَتاةٍ كَسَرَتْ خَلْخالَها ضاعَ نصْفٌ منه والنّصْفُ وُجِدْ,تشبيه,تشبيه
558,88,ابن هانئ الأندلسيّ,قصيدة رقم (18)، الطّويل، دُ.,وفلكك يلقى الفلك في اليمّ من علكما يتلاقى سيّدٌ ومسودُ,تشبيه,تشبيه
559,78,ابن هانئ الأندلسيّ,قصيدة رقم (19)، الرّمل، دْ.,يَنْثَني الأيكُ على صَفحَتهِ وهوكالشعْرَى إذا لاحَ وَقَدْ,تشبيه,تشبيه
560,75,ابن هانئ الأندلسيّ,قصيدة رقم (19)، الرّمل، دْ.,وهيَ تَعْطوهُ على خوْفٍكمَا مَدَّ رَقّاءٌ إلى الأرْقمِ يَدْ,تشبيه,تشبيه
561,87,ابن هانئ الأندلسيّ,قصيدة رقم (18)، الطّويل، دُ.,فعزمك يلقى كلّ عزمٍ مملّكٍكما يتلاقى كائدٌ ومكيدُ,تشبيه,تشبيه
562,8,ابن هانئ الأندلسيّ,قصيدة رقم (81)، الكامل، نِ.,و إذا نجا من فتنة ِ الدّنيا امرؤٌفكأنّما يَنجو منَ الطّوفانِ,تشبيه,تشبيه
563,20,ابن اللبانة الداني,قصيدة رقم 26، طويل، دِ,وتحسب في عودي ليانا وأنه لفي السرّ من نبع وفي الجهر من رند,تشبيه,تشبيه
564,9,ابن هانئ الأندلسيّ,قصيدة رقم (81)، الكامل، نِ.,يأبى ليَ الغدرَ الوفاءُ بذمَّتي و الذَّمُّ آباهُكما يأباني,تشبيه,تشبيه
565,9,ابن هانئ الأندلسيّ,قصيدة رقم (69)، الطّويل، مِ.,فهل تبلغنّيها الجيادُكأنّها أعِنّتُها من طولِ لوكِ الشّكائمِ,تشبيه,تشبيه
566,64,ابن هانئ الأندلسيّ,قصيدة رقم (79)، الكامل، نُ.,أبَني لؤيٍّ أينَ فضلُ قديمكِم بلْ أينَ حلمٌكالجبالِ رصينُ,تشبيه,تشبيه
567,85,ابن هانئ الأندلسيّ,قصيدة رقم (79)، الكامل، نُ.,قد قالَ فيكَ الله ما أنا قائِلٌفكأنّ كُلَّ قَصيدَة ٍ تَضْمينُ,تشبيه,تشبيه
568,39,ابن اللبانة الداني,قصيدة رقم 18، سريع، احْ,كأنما حليتها ألسن تملأ سمع الدهر فيك امتداح,تشبيه,تشبيه
569,1,ابن اللبانة الداني,قصيدة رقم 23، سريع، دِهِ,وبابي ذلك منحاسب خُطّ استواءُ الحسنِ في خده,تشبيه,تشبيه
570,34,ابن هانئ الأندلسيّ,قصيدة رقم (26)، الطّويل، رِ.,فما راشتِ الأملاكُ سهمًا يَريشُهُ ولا برتِ الأملاكُ سهمًاكما يبري,تشبيه,تشبيه
571,5,ابن هانئ الأندلسيّ,قصيدة رقم (12)، الطّويل، جَ.,كأنّ يدًا اسقت خلالَ غيومهِ جُيوبًا أوِ اجتابَتْ قباءً مُفرَّجا,تشبيه,تشبيه
572,3,ابن هانئ الأندلسيّ,قصيدة رقم (12)، الطّويل، جَ.,مطارُ سنًا يزجي غمامًاكأنّما يُجاذبُ خَصْرًا في وشاحيك مُدمجا,تشبيه,تشبيه
573,2,ابن هانئ الأندلسيّ,قصيدة رقم (12)، الطّويل، جَ.,كأنّ به لما سرى منك واضحًا تبسَّم ذا ظَلمٍ شنيبًا مُفلَّجا,تشبيه,تشبيه
574,18,ابن هانئ الأندلسيّ,قصيدة رقم (26)، الطّويل، رِ.,وما عِبتُهُ إلّا بأنّي وصفتُهُوشبّهْتُهُ يومًا منَ الدّهرِ بالقَطْرِ,تشبيه,تشبيه
575,22,ابن هانئ الأندلسيّ,قصيدة رقم (26)، الطّويل، رِ.,وحسبي بجذلانٍكأنّ خصالهُ أكاليلُ درّ فوقَ نصل من التّبْرِ,تشبيه,تشبيه
576,18,ابن هانئ الأندلسيّ,قصيدة رقم (64)، الكامل، لُ.,هذا الّذي تُتلى مآثِرُ فعلِهِ فيناكما يُتْلى الكتابُ المُنْزَلُ,تشبيه,تشبيه
577,3,ابن هانئ الأندلسيّ,قصيدة رقم (44)، الكامل، عَ.,وجرى الفرند بصحفتيهكأنّما ذكر القتيل بكر بلاء فدمَّعا,تشبيه,تشبيه
578,25,ابن هانئ الأندلسيّ,قصيدة رقم (64)، الكامل، لُ.,هل كنتَتَحسَبُ قبل جُرأتِنا على تقريظهِ أنّ الحُلومَ تُجَهَّلُ,تشبيه,تشبيه
579,20,ابن هانئ الأندلسيّ,قصيدة رقم (64)، الكامل، لُ.,مُوفٍ يَرُدُّ على اللّيالي حُكمَهافكأنّهُ بالحادِثاتِ مُوَكَّلُ,تشبيه,تشبيه
580,21,ابن هانئ الأندلسيّ,قصيدة رقم (64)، الكامل، لُ.,مَلِكٌ له اللُّبُّ الصّقيلُكأنّما عكستْ شعاعَ الشّمسِ فيهِ سَجنْجَلُ,تشبيه,تشبيه
581,10,ابن هانئ الأندلسيّ,قصيدة رقم (64)، الكامل، لُ.,جارَتْكما جارَ الزّمانُ ورَيبُهُ وكِلاهُما في حكمِهِ لا يَعدِلُ,تشبيه,تشبيه
