"رقم البيت","البيت","التعبير البلاغي","العنصر البلاغي","الشرح"
"1","قِفَا نَبْكِ من ذِكْرَى حَبِيبٍ ومنزلِ","ذِكرى حبيب","كناية","كناية عن شدّة التعلّق بالمحبوبة وما تركه الفراق من أثر في النفس."
"","بِسِقْطِ اللِّوى بَيْنَ الدَّخُولِ فَحَوْمَلِ","الدخول فحومل","مجاز","أطلق أسماء المواضع وأراد المكان وما يحمله من ذكريات، وهو من المجاز المكاني الدالّ على شدّة الارتباط بالماضي."

"رقم البيت","البيت","التعبير البلاغي","العنصر البلاغي","الشرح"
"2","فَتُوضِحَ فالمِقْراةِ لم يَعْفُ رسْمُهَا","لم يَعْفُ رسمها","كناية","كناية عن قِدَم الديار وبقاء آثارها رغم تقادم الزمن."
"2","فَتُوضِحَ فالمِقْراةِ لم يَعْفُ رسْمُهَا","نسجتها الرياح","استعارة","شبّه الرياح بناسجةٍ تنسج على الديار، لإبراز قوة تأثيرها ومرورها المستمر."
"2","لِمَا نَسَجَتْهَا منْ جَنُوبٍ وشَمْألِ","جنوب وشَمأل","طباق","تقابل بين الرياح الجنوبية والشمالية، يعمّق صورة شدّة الرياح وتتابعها."

"رقم البيت","البيت","التعبير البلاغي","العنصر البلاغي","الشرح"
"3","تَرَى بَعَرَ الأرْآمِ في عَرَصَاتِها","بعرُ الأرآم","كناية","كناية عن وجود الظباء وحلولها في المكان، لأن البعر يدلّ على الساكن."
"3","تَرَى بَعَرَ الأرْآمِ في عَرَصَاتِها","الأرآم","مجاز","أطلق اسم الظباء وأراد بها أثرها وبقاءها في الموضع، مجاز مرسل علاقته الحالية."
"3","وقِيْعَانِها كَأنَّهُ حَبُّ فُلْفُلِ","كأنّه حبّ فلفل","تشبيه","شبّه بعر الظباء بحبّ الفلفل في صغره وتفرّقه وانتظامه، لتقوية الصورة وإيضاح المظهر."

"رقم البيت","البيت","التعبير البلاغي","العنصر البلاغي","الشرح"
"4","كَأنِّي غَدَاةَ البَيْنِ يَوْمَ تَحَمَّلوا","كأنّي…","تشبيه","تمهيد لصورة تشبيهية يصف بها حاله يوم الفراق."
"4","لَدَى سَمُراتِ الحَيِّ نَاقِفُ حَنْظَلِ","نافق حنظل","تشبيه","شبّه حاله في شدّة الألم والمرارة بمن ينقُف الحنظل، وهو شديد المرارة، للدلالة على شدّة الوجع النفسي يوم الرحيل."

"رقم البيت","البيت","التعبير البلاغي","العنصر البلاغي","الشرح"
"5","وُقُوفاً بها صَحْبِي عَلَيَّ مَطِيَّهُمْ","وقوفهم على مطيّهم","كناية","كناية عن استعجالهم له ورغبتهم في الرحيل دون تأخير."
"5","يَقُولُونَ لا تَهلِكْ أسىً","لا تهلك أسى","مبالغة","مبالغة في النهي عن الحزن، إذ صوّر الحزن كأنه يُهلك صاحبه من شدّته."
"5","يَقُولُونَ … وتجمّلِ","تجمّل","مجاز","مجاز عن إظهار الصبر والثبات، وليس التجمل الحقيقي بالهيئة، أي اطلب الصبر وكتمان الألم."

"رقم البيت","البيت","التعبير البلاغي","العنصر البلاغي","الشرح"
"6","وإنَّ شِفَائي عَبْرَةٌ مُهَرَاقَةٌ","شفائي دمعة مهراقة","مبالغة","بالغ في تصوير شدّة حزنه حتى جعل دموعه هي الشفاء الوحيد له."
"6","فَهَلْ عِنْدَ رَسْمٍ دارِسٍ من مُعَوَّلِ","رسم دارس","كناية","كناية عن قِدَم الديار واندراسها وذهاب أهلها."
"6","فَهَلْ … من مُعَوَّلِ","معوَّل","مجاز","مجاز عن الرجاء أو الأمل في أن يجد عند الأطلال ما يخفف حزنه، إذ ليس هناك عويل حقيقي."

"رقم البيت","البيت","التعبير البلاغي","العنصر البلاغي","الشرح"
"7","كَدَأْبِكَ منْ أمِّ الحُوَيْرِث قَبْلَهَا","كدأبك","تشبيه","تشبيه ضمني، إذ يشبّه حاله مع محبوبته الحالية بعادته مع أمّ الحويرث من قبل، دون أداة تشبيه ظاهرة."
"7","وجَارَتِهَا أمَّ الرَّبابِ بِمَأَسِلِ","أمّ الحويرث / أمّ الرباب","كناية","كناية عن كثرة علاقاته السابقة وتعدّد تجاربه العاطفية."
"7","بِمَأَسِلِ","مأسل","مجاز","مجاز مرسل عن موضع السكن أو الطريق، والمراد الإشارة إلى الأماكن التي عرف فيها محبوباته."

"رقم البيت","البيت","التعبير البلاغي","العنصر البلاغي","الشرح"
"8","إذا قَامَتَا تَضَوَّعَ المِسْكُ مِنْهُمَا","تضوّع المسك منهما","استعارة","شبّه رائحة الجسد بالمسك لتصوير شدّة عطرهما وجمالهما، دون ذكر الأداة."
"8","نَسِيمَ الصَّبَا جَاءَتْ بِرَيَّا القَرَنْفُلِ","نسيم الصبا جاء بريّا القَرَنْفُل","تشبيه","شبّه رائحة المرأتين برائحة القرنفل التي يحملها النسيم، لزيادة تصوير الطيب والنعومة."

"رقم البيت","البيت","التعبير البلاغي","العنصر البلاغي","الشرح"
"9","فَفَاضَتْ دُمُوعُ العَيْنِ مِنِّي صَبَابَةً","فاضت دموع العين","مبالغة","المبالغة في كثرة البكاء حتى يصوّره فيضانًا، للدلالة على شدّة الشوق والحنين."
"9","عَلى النَّحْرِ حتّى بَلَّ دَمْعِيَ مِحْمَلي","بلّ دمعي محملي","مبالغة","مبالغة أخرى تُظهر كثرة الدموع حتى بلّ الدمعُ المحمل الذي يحمله، مما يعمّق صورة الحزن الشديد."

"رقم البيت","البيت","التعبير البلاغي","العنصر البلاغي","الشرح"
"10","ألا رُبَّ يَوْمٍ لَكَ مِنْهُنَّ صَالِحٍ","يوم لك منهن صالح","كناية","كناية عن الأيام السعيدة واللحظات الجميلة التي قضاها مع محبوباته."
"10","ولا سِيَّمَا يَوْمٍ بِدَارَةِ جُلْجُلِ","دارة جلجل","مجاز","مجاز عن المكان الذي شهد أحداثًا محبّبة للنفس، فذكره لإحياء الذكرى الجميلة المرتبطة به."

"رقم البيت","البيت","التعبير البلاغي","العنصر البلاغي","الشرح"
"11","ويَوْمَ عَقَرْتُ للعَذَارَى مَطِيَّتي","عقرتُ مطيّتي للعذارى","كناية","كناية عن الكرم والبذل، إذ كان عقر الناقة من أعظم مظاهر الضيافة والتقرّب."
"11","فَيَا عَجَباً لِرَحْلِهَا المُتَحَمَّلِ","رحلها المتحمل","مجاز","مجاز عن ثِقل ما تحمله من الهدايا أو المتاع، أو تصوير إثقالها بسبب كثرة ما قُدّم للعذارى، تعظيمًا للموقف."

"رقم البيت","البيت","التعبير البلاغي","العنصر البلاغي","الشرح"
"12","فَظَلَّ العَذَارَى يَرْتَمينَ بِلَحْمِهَا","يرتمين بلحمها","كناية","كناية عن شدّة الإقبال على اللحم ووفرة ما قُدّم لهنّ بعد عقر الناقة."
"12","وشَحْمٍ كَهُدَّابِ الدِّمَقْسِ المُفَتَّلِ","كهُدّاب الدِّمقْس","تشبيه","شبّه الشحم بأهداب الديباج المبروم في نعومته وتماسكه وجمال منظره، لبيان جودة الشحم وكثرته."

"رقم البيت","البيت","التعبير البلاغي","العنصر البلاغي","الشرح"
"13","ويَوْمَ دَخَلْتُ الخِدْرِ خِدْرَ عُنَيْزَةٍ","دخلتُ الخدر","كناية","كناية عن القرب الشديد من المحبوبة وبلوغ غاية الوصل، لأن الخدر موضع خاص بالنساء."
"13","فَقَالَتْ لَكَ الوَيْلَاتُ إنَّكَ مُرْجِلِي","لكَ الويلات","مبالغة","مبالغة في التوبيخ أو الدلال، تعبير فيه تهويل لفظي لما تقوله الفتاة."
"13","إنَّكَ مُرْجِلِي","مرجّلي","مجاز","مجاز عن التقريب والملاطفة، لأن الترجل بمعنى التهيئة والتجمّل، والمراد التودّد والقرب."

"رقم البيت","البيت","التعبير البلاغي","العنصر البلاغي","الشرح"
"14","تَقُولُ وقَدْ مَالَ الغَبِيْطُ بَنَا مَعاً","مال الغبيط بنا","مجاز","مجاز عن شدّة اضطراب الهودج أثناء السير، والمراد تصوير الحركة والحال أثناء الرحلة."
"14","عَقَرْتَ بَعِيْرِي يا امْرَأ القَيْسِ فَانْزِلِ","عقرت بعيري","كناية","كناية عن التخفيف من سرعة السير أو المطالبة بالتوقف، لأن عقر البعير يؤدي إلى الوقوف."
"14","تَقُولُ… فَانْزِلِ","تكرار «تقول»","تكرار","تكرار الفعل لإبراز إلحاحها وحرارة خطابها أثناء الحركة."

"رقم البيت","البيت","التعبير البلاغي","العنصر البلاغي","الشرح"
"15","فَقُلْتُ لَهَا سِيْرِي وأرْخِي زِمَامَهُ","أرخي زمامه","كناية","كناية عن التمهّل في السير وإتاحة فرصة للوصال والحديث."
"15","ولا تُبْعِدِيني مِنْ جَنَاكِ المُعَلَّلِ","جناك المعلّل","مجاز","مجاز عن اللطف والمحبّة وما تجود به من وصلٍ وعطف، شبّه جودها بجنى الثمر."
"15","ولا تُبْعِدِينِي","لا تبعديني","مبالغة","مبالغة في طلب القرب، وفيها شدّة رجاء ألّا تحرمه من وصالها."

"رقم البيت","البيت","التعبير البلاغي","العنصر البلاغي","الشرح"
"16","فَمِثْلِكِ حُبْلَى قَدْ طَرَقْتُ ومُرْضِعٍ","حبلى… ومرضع","كناية","كناية عن تكرّر تجاربه العاطفية وجرأته في الاقتراب من النساء على اختلاف أحوالهن."
"16","فألْهَيْتُهَا عَنْ ذِي تَمَائِمَ مُحْوِلِ","ألهيتها عن ذي تمائم محول","كناية","كناية عن شدّة تعلق المرأة به حتى شغلت عن طفلها ذي التمائم."
"16","ذي تَمَائِم","التمائم","مجاز","مجاز عن الطفولة المبكرة؛ فالتمائم تُعلَّق على الأطفال دفعًا للعين، فأطلق التمائم وأراد الطفل."

"رقم البيت","البيت","التعبير البلاغي","العنصر البلاغي","الشرح"
"17","إذا ما بَكَى منْ خَلْفَهَا انْصَرَفَتْ لَهُ","بكى من خلفها فانصرفت له","كناية","كناية عن شدّة حنانها على طفلها وإسراعها إليه إذا بكى."
"17","بِشِقٍّ وَتَحْتِي شِقُّهَا لَمْ يُحَوَّلِ","شقّها فوقي وشقّي تحتها","مجاز","مجاز عن استمرار الوصال والقرب الجسدي بينه وبينها، دون أن تتحوّل عنه رغم التفاتها للطفل."
"17","لم يُحوَّلِ","لم يُحوّل","كناية","كناية عن ثباتها في موضعها معه وعدم الابتعاد عنه، أي الجمع بين العطف على الطفل والبقاء معه."

"رقم البيت","البيت","التعبير البلاغي","العنصر البلاغي","الشرح"
"18","ويَوْمٍ عَلَى ظَهْرِ الكَثِيْبِ تَعَذَّرَتْ عَلَيَّ","تعذّرت عليّ","كناية","كناية عن امتناعها عنه أو تظاهرها بالصعوبة والممانعة في الوصال."
"18","وَآلَتْ حَلْفَةً لم تَحَلَّلِ","حلفة لم تُحلّل","مبالغة","مبالغة في وصف شدّة القسم وثباتها عليه، للدلالة على قوّة اليمين وتعظيم الموقف."
"18","حلفة","اليمين","مجاز","مجاز عن شدّة العزم والقرار، وليس المقصود مجرد الحلف اللفظي."

"رقم البيت","البيت","التعبير البلاغي","العنصر البلاغي","الشرح"
"19","أفَاطِمَ مَهْلاً بَعْضَ هذا التَّدَلُلِ","بعض هذا التدلّل","كناية","كناية عن كثرة دلالها وتغنّجها، فهو يطلب منها التخفيف منه."
"19","وإنْ كُنْتِ قَدْ أزْمَعْتِ صرمي","صرمي","مجاز","مجاز عن قطع الوصال، إذ أطلق الصرم وهو القطع وأراد به الهجر."
"19","فأجْمِلِي","فأجملي","استعارة","استعارة عن الإحسان في الفعل والقول عند الفراق أو الوصل، لأن الإجمال يُستعار لحسن الصنيع."

"رقم البيت","البيت","التعبير البلاغي","العنصر البلاغي","الشرح"
"20","أغَرّكِ مِنِّي أنَّ حُبَّكِ قاتِلي","حبّك قاتلي","مبالغة","بالغ في وصف شدّة الحب حتى جعله قاتلًا له، وهو تصوير معروف في الغزل الجاهلي."
"20","وأنَّكِ مِهْمَا تأمُرِي القَلْبَ يَفْعَلِ","تأمري القلب يفعل","مجاز","مجاز عن الخضوع التامّ والعشق الشديد، إذ ليس القلب مأمورًا حقيقةً وإنما هي الطاعة الوجدانية."
"20","تأمري… يفعل","تقابل فعلي","طباق","تقابل معنوي بين الأمر والفعل لإبراز سرعة الطاعة وانقياد القلب لها."

"رقم البيت","البيت","التعبير البلاغي","العنصر البلاغي","الشرح"
"21","فإنْ تَكُ قَدْ ساءَتْكِ مِنِّي خَلِيْقَةٌ","ساءتك مني خليقة","كناية","كناية عن صدور خُلُق أو فعل لم يعجبها، دون ذكره صراحة."
"21","فَسُلِّي ثِيَابِي من ثِيَابِكِ تَنْسُلِ","ثيابي من ثيابك","تكرار","تكرار كلمة ""ثياب"" لإبراز شدّة الارتباط بينهما وعمق العلاقة السابقة."
"21","فَسُلِّي ثيابِي من ثيابِكِ تنسُلِ","تسلّي… تنسلي","ردّ الأعجاز على الصدور","ترديد الجذر نفسه بين أول البيت وآخره، لخلق انسجام صوتي وتقوية المعنى."
"21","فَسُلِّي ثيابِي من ثيابِكِ تنسُلِ","مجاز","مجاز عن قطع الوصل والانفصال العاطفي، إذ ليس المقصود فصل الثياب حقيقةً، بل فكّ الارتباط بينهما.",""

"رقم البيت","البيت","التعبير البلاغي","العنصر البلاغي","الشرح"
"22","وَمَا ذَرَفَتْ عَيْنَاكِ إلَّا لِتَضْرِبي","ما ذرفت عيناك","كناية","كناية عن بكائها أو تذرّف عينيها، والمراد تأثيرها القوي عليه."
"22","لِتَضْرِبي بِسَهْمَيْكِ","سهميك","استعارة","استعارة للعينين أو النظرات بالسهمين، للدلالة على تأثيرهما النافذ في القلب."
"22","في أعشارِ قلبٍ مُقَتَّلِ","قلب مقتّل","مبالغة","مبالغة في الوجْد والعشق، إذ جعل قلبه كالمقتول من شدّة الحب."
"22","لِتَضْرِبي بسهميك","تضربين السهام","مجاز","مجاز عن شدة الجاذبية والتأثير العاطفي، وليس ضربًا حقيقيًا."

"رقم البيت","البيت","التعبير البلاغي","العنصر البلاغي","الشرح"
"23","وبَيْضَةِ خِدْرٍ لا يُرَامُ خَبَاؤُهَا","بيضة خدر","كناية","كناية عن الفتاة المصونة الشديدة الحياء التي لا يُقرب خدرها ولا تُنال بسهولة."
"23","لا يُرَامُ خَبَاؤُهَا","لا يُرام خباؤها","مبالغة","مبالغة في صونها وامتناعها، كأنّ خدرها لا يمكن الدنوّ منه أبدًا."
"23","تَمَتَّعْتُ منْ لَهْوٍ بها غيرَ مُعْجَلِ","تمتعت… غير معجل","مجاز","مجاز عن طول صحبته لها واستمتاعه بحديثها ولُطفها دون استعجال للفراق."

"رقم البيت","البيت","التعبير البلاغي","العنصر البلاغي","الشرح"
"24","تَجَاوَزْتُ أهْوالًا إلَيْهَا","تجاوزتُ أهوالًا إليها","مبالغة","مبالغة في وصف شدّة الصعاب والمخاطر التي اجتازها للوصول إليها، مما يدلّ على عظم مكانتها في نفسه."
"24","ومَعْشَراً عَليَّ حِرَاصًا","معشرًا عليّ حِرَاصًا","كناية","كناية عن وجود جماعة تمنع اقترابه منها أو تخشى على الفتاة منه، فيدلّ ذلك على شدّة الاهتمام بها."
"24","لو يُسِرّون مقتلي","يسرّون مقتلي","مجاز","مجاز عن شدّة كرههم له أو غيرتهم، وليس المقصود رغبة حقيقية في قتله، بل المبالغة في العداوة."

"رقم البيت","البيت","التعبير البلاغي","العنصر البلاغي","الشرح"
"25","إذا ما الثُّرَيَّا في السَّمَاءِ تَعَرَّضَتْ","تعرّضت الثريا","تشبيه","تمهيد لصورة تشبيهية يقيس فيها ظهور الثريا على هيئة معيّنة تشبه منظر الوشاح المزخرف."
"25","تَعَرَّضَ أثْنَاءِ الوِشَاحِ المُفَصَّلِ","أثناء الوشاح المفصّل","تشبيه","شبّه تعرّض الثريا في السماء بانكشاف أجزاء الوشاح المزخرف، لبيان جمالها وانتظام لمعانها."

"رقم البيت","البيت","التعبير البلاغي","العنصر البلاغي","الشرح"
"26","فَجِئْتُ وقَدْ نَضَتْ لِنَوْمٍ ثِيَابَهَا","نضت ثيابها للنوم","كناية","كناية عن الاستعداد للنوم، وفيه إشارة إلى الخلوة والخصوصية دون تصريح مباشر."
"26","لَدَى السِّتْرِ إلَّا لِبْسَةَ المُتَفَضِّلِ","لبسة المتفضّل","مجاز","مجاز عن الثوب الخفيف الذي يُلبس عند الاسترخاء، والمراد إظهار حالة الهدوء والراحة."
"26","نضت… لبسة","تقابل وصفي","طباق","تقابل بين نزع الثياب ولبس اللبسة الخفيفة، لإبراز انتقالها من حالة إلى أخرى."

"رقم البيت","البيت","التعبير البلاغي","العنصر البلاغي","الشرح"
"27","فَقَالَتْ يَمِينَ الله ما لَكَ حِيْلَةٌ","يمينَ الله","مبالغة","مبالغة في توكيد قولها بالقسم، لِما فيه من قوّة في تقرير الحكم."
"27","ما لَكَ حِيْلَةٌ","ما لك حيلة","كناية","كناية عن عجزه عن ترك هواه أو العدول عن طبعه في الغرام."
"27","وما إنْ أرَى عَنْكَ الغَوَايَةَ تَنْجَلِي","الغواية تنجلي","استعارة","استعارة بتصوير الغواية شيئًا ماديًا ينجلي أو يزول، للدلالة على شدة تمكّن الهوى منه."

"رقم البيت","البيت","التعبير البلاغي","العنصر البلاغي","الشرح"
"28","فَقُمْتُ بِهَا أَمْشِي تَجُرُّ وَرَاءَنَا","قمتُ بها أمشي","كناية","كناية عن ملاطفته لها ومشيه معها في خلوة تدلّ على القرب والودّ."
"28","تَجُرُّ وَرَاءَنَا أذْيَالَ مِرْطٍ مُرَحَّلِ","أذيال مرط مرحّل","تشبيه","تشبيه حركة الثوب المجرور وراءهما بحركة الأذيال المزركشة، لإبراز جمال المشهد وحيويّته."
"28","أذيال… وراءنا","جرّ الأذيال","مجاز","مجاز عن التبختر أو المشي المترف، أو تصوير أثر حركتها وثوبها في لحظة الوصال."

"رقم البيت","البيت","التعبير البلاغي","العنصر البلاغي","الشرح"
"29","فَلَمَّا أجَزْنَا سَاحَةَ الحَيِّ","أجزنا ساحة الحيّ","كناية","كناية عن الابتعاد عن ديار القوم والدخول في موضع خلوة بعيدٍ عن الأنظار."
"29","وانْتَحَى بِنَا بَطْنُ خَبْتٍ","انتحى بنا بطن خبت","مجاز","مجاز عن الدخول في أرض منخفضة مستترة، والمراد الإشارة إلى مكان يوفّر الستر والهدوء."
"29","ذي قِفَافٍ عَقَنْقَلِ","قفاف عقبقل","مبالغة","مبالغة في وصف وعورة المكان وارتفاع كثبانه، لإبراز شدّة ابتعادهما عن الأنظار."

"رقم البيت","البيت","التعبير البلاغي","العنصر البلاغي","الشرح"
"30","هَصَرْتُ بِفْودَي رَأْسِهَا فَتَمَايَلَتْ","هصرتُ بفودي رأسها","كناية","كناية عن الملاطفة والاقتراب الشديد منها بإمساك جانبي رأسها أو شعرها."
"30","فَتَمَايَلَتْ عَلَيَّ هَضِيْمَ الكَشْحِ","هضيم الكشح","مجاز","مجاز عن دقة الخصر ورقّة الجسد، وهو وصف شائع في الغزل الجاهلي."
"30","رَيَّا المُخَلْخَلِ","ريّا المخلخل","تشبيه","تشبيه لرائحتها العطرة بالريح الطيّبة التي تسري وتنتشر، للدلالة على الجمال والحضور الفوّاح."

"رقم البيت","البيت","التعبير البلاغي","العنصر البلاغي","الشرح"
"31","مُهَفْهَفَةٌ بَيَضَاءُ غَيْرُ مُفَاضَةٍ","مهفهفة بيضاء","كناية","كناية عن جمالها ورقّة جسمها، فالمهفهفة هي الدقيقة الناعمة."
"31","تَرَائَبُها مَصْقُولَةٌ كالسَّجَنْجَلِ","كالسجنجل","تشبيه","شبّه ترائبها (نواحي صدرها) بمرآة السجنجل في صفائها ونعومتها ولمعانها."
"31","ترائبها مصقولة","مصقولة","مجاز","مجاز عن شدّة النقاء والنعومة، إذ الصقل يكون للأجسام الصلبة لا للأجساد."

"رقم البيت","البيت","التعبير البلاغي","العنصر البلاغي","الشرح"
"32","تَصُدُّ وتُبْدِي عَنْ أسِيْلٍ وتَتَّقِي","تصد وتبدي عن أسيل","كناية","كناية عن التظاهر بالاحتشام والستر، وإظهار الفروغ من القرباء أو الغرام."
"32","بِنَاظِرَةٍ منْ وَحْشِ وَجْرَةَ مُطْفِلِ","ناظرة من وحش وجرة مطفل","تشبيه","شبّه نظرتها بالقوة والعزّة كوحش يُعرَف بجرة مطفل، لإظهار شدّة السيطرة والهيبة."
"32","تتقي… ناظرة","مجاز","مجاز","مجاز عن الحذر والتحفظ، إذ ليس المقصود تجنّب حقيقي، بل التدبير اللطيف."

"رقم البيت","البيت","التعبير البلاغي","العنصر البلاغي","الشرح"
"33","وجِيْدٍ كَجِيْدِ الرِّئْمِ لَيْسَ بِفَاحِشٍ","كجيد الرئم","تشبيه","شبّه جيّدها بجيّد الرئم في حسن التشكيل والنقاء، للدلالة على جمال جسدها."
"33","إذا هيَ نَصَّتْهُ وَلَا بمُعَطَّلِ","نصته ولا بمعطّل","مجاز","مجاز عن الكمال في التناسق وعدم وجود خلل أو نقص في الهيئة، أي وصف دقيق للجمال."

"رقم البيت","البيت","التعبير البلاغي","العنصر البلاغي","الشرح"
"34","غَدَائِرُهُ مُسْتَشْزَرَاتٌ إلى العُلا","غدائره مستشزرات إلى العلا","كناية","كناية عن اعتداله وقوّته وعلوه في الصفات أو المكانة، إذ الاستشزار يعني التعاظم والسمو."
"34","تَضِلُّ العِقَاصُ في مُثَنًّى وَمُرْسَلِ","مثنّى ومرسل","تشبيه","شبّه حركة الغدائر بانحراف العقاص في الطيران، لتوضيح ارتباك الحركة أو التشتت."
"34","تضِل العقاص…","مجاز","مجاز عن الارتفاع والمكانة العالية، وليس المقصود حرفيًا ضلال الطيور.",""

"رقم البيت","البيت","التعبير البلاغي","العنصر البلاغي","الشرح"
"35","وكَشْحٍ لَطِيْفٍ كَالجَديْلِ مُخَصَّرٍ","كشح لطيف كالجَدل","تشبيه","شبّه نحافة الخصر ومرونة الجسد بالجَدل المشدود والمتمايل، لتوضيح الرشاقة والجمال."
"35","وسَاقٍ كَأنْبُوبِ السَّقِيِّ المُذَلَّلِ","ساق كأنبوب السقي","تشبيه","شبّه ساقيها بأنبوب السقي المستوي والمستقيم، لإظهار طولها واستقامتها."
"35","كشح… وساق","مجاز","مجاز عن التناسق والكمال الجسدي، فالمراد تصوير جمال الجسم بدون ذكر مباشر.",""

"رقم البيت","البيت","التعبير البلاغي","العنصر البلاغي","الشرح"
"36","وَيُضْحِي فَتِيْتُ المِسْكِ فَوْقَ فِرَاشِهَا","فتّيت المسك فوق فرشها","استعارة","شبّه تفريق المسك على الفراش بحركة الغرام والرقة في المكان، لإظهار الروعة والجمال."
"36","نَؤُومُ الضُّحَى لم تَنْتَطِقْ عنْ تَفَضُّلِ","لم تنتطق عن تفضّل","كناية","كناية عن ضبط النفس والتحلّي بالحياء، أي أنها متفضّلة في إظهار الكلام أو الرد."
"36","فتّيت المسك… لم تنتطق","مجاز","مجاز عن جمال المكان وتأثيره على الحواس، وليس التفريق حرفيًا للمسك فقط.",""

"رقم البيت","البيت","التعبير البلاغي","العنصر البلاغي","الشرح"
"37","وتَعْطُو بِرَخْصٍ غَيْرِ شَثْنٍ كَأنَّهُ","تعطو برخص غير شثن","كناية","كناية عن سلاسة الحركة وسهولتها، أي أنها تتحرك بسهولة ورشاقة دون ثقل أو تعثّر."
"37","أسارِيعُ ظَبْيٍ أو مَسَاوِيْكُ إِسْحِلِ","أسرع ظبي / مساوِيك إسحل","تشبيه","شبّه سرعتها ومرونتها بسرعة الظباء أو المساويك التي تجرّ على الأرض، لتقوية الصورة البصرية للحركة الرشيقة."
"37","تعطو… مساوِيك","مجاز","مجاز عن الرشاقة والسرعة في الحركة، وليس المقصود الحيوانات أو الأدوات حرفيًا.",""

"رقم البيت","البيت","التعبير البلاغي","العنصر البلاغي","الشرح"
"38","تُضِيءُ الظَّلامَ بالعِشَاءِ كَأنَّهَا","تُضيء الظلام بالعشاء","تشبيه","شبّه حضورها وتأثيرها على المكان بإضاءة الظلام، لتوضيح إشراقها وجمالها."
"38","مَنَارَةُ مُمْسَى رَاهِبٍ مُتَبَتِّلِ","منارة ممسى راهب متبتّل","تشبيه","شبّه إشراقها بمنارة يبنيها الراهب المتبتّل ليضيء طريقه، لإبراز التفرّد والضياء الروحي."
"38","تُضيء… منارة","مجاز","مجاز عن الفعل الروحي أو التأثير النفسي للمرأة على المحيط، وليس الضوء الحقيقي فقط.",""

"رقم البيت","البيت","التعبير البلاغي","العنصر البلاغي","الشرح"
"39","إلَى مِثْلهَا يَرْنُو الحَلِيْمُ صَبَابَةً","إلَى مثلهَا يَرنو الحليم صبابة","كناية","كناية عن شدّة الحنين والانجذاب نحوها، بحيث ينجذب الحليم إلى مثل جمالها."
"39","إذا ما اسْبَكَرَّتْ بَيْنَ دِرْعٍ ومِجْوَلِ","بين درع ومجول","استعارة","استعارة عن المكان أو الحماية، حيث تصويرها بين الدرع والمجول يدل على الأمن والقوة المحيطة بها."
"39","يرنو… بين درع ومجول","مجاز","مجاز عن الانجذاب والانصراف القلبي نحوها، وليس المقصود المسار الفعلي.",""

"رقم البيت","البيت","التعبير البلاغي","العنصر البلاغي","الشرح"
"40","كَبِكْرِ المُقَانَاةِ البَيَاضَ بِصُفْرَةٍ","كبكر المقاناة البياض بصفرة","تشبيه","شبّه لون بشرتها بلون الناقة البكر التي يمتزج بياضها بصفرة خفيفة، وهو لون محبّب عند العرب يرمز للنضارة والجمال."
"40","غَذَاهَا نَمِيْرُ الماءِ غَيْرُ مُحَلَّلِ","غذّاه نمير الماء غير محلل","استعارة","شبّه الماء العذب الذي شربته الناقة بالغذاء الذي زادها صفاءً وجمالًا، والمعنى يشير إلى نقاء بشرتها وصفاء جسمها."

"رقم البيت","البيت","التعبير البلاغي","العنصر البلاغي","الشرح"
"41","تَسَلَّت عمَايَاتُ الرِّجالِ عن الصِّبَا","تسلّت عمَيات الرجال","كناية","كناية عن ابتعادهم أو ضعف تأثيرهم بالمقارنة مع قوة تأثير الحبيب في قلبه، أي انصرفوا عن جذب الصبا."
"41","وَلَيْسَ فُؤَادي عَنْ هَوَاكِ بِمُنْسَلِي","ليس فؤادي عن هواك بمُنْسلي","مجاز","مجاز عن ثبات قلبه في الحب وعشقه، إذ أنّ ""منسلي"" يرمز إلى عدم الانفصال عن مشاعره تجاه محبوبه."
"41","تسلّت… ليس فؤادي","مبالغة","مبالغة في وصف شدّة الانجذاب والحب القوي الذي لا يضعف رغم ابتعاد الآخرين.",""

"رقم البيت","البيت","التعبير البلاغي","العنصر البلاغي","الشرح"
"42","ألا رُبَّ خَصْمٍ فيكِ ألْوَى رَدَدْتُهُ","رب خصم فيك ألوى رددته","كناية","كناية عن التغلب على الخصوم والسيطرة عليهم، أي أنه أظهر القوة والشجاعة أمام الأعداء."
"42","نَصِيْحٍ عَلَى تَعْذَالِهِ غَيْرَ مُؤْتَلِي","نصيح على تعذاله غير مؤتلي","مجاز","مجاز عن الردع والتوبيخ بشكل ذكي وغير مباشر، لإظهار الحكمة في التعامل مع الخصوم."
"42","ألْوَى رَدَدْتُهُ… نصيح","مبالغة","مبالغة في وصف القوة والسيطرة على من يخاصمه، لتقوية صورة البطل الشجاع.",""

"رقم البيت","البيت","التعبير البلاغي","العنصر البلاغي","الشرح"
"43","وَلَيْلٍ كموج البَحْر مُلْقٍ سُدُولَهُ","كموج البحر","تشبيه","شبّه الليل بموج البحر في كثرة أمواجه واستغراقه للفضاء، للدلالة على طول الليل وكثافة الظلام."
"43","عليَّ بأنْوَاعِ الهُمُومِ لِيَبْتَلِي","بأنواع الهموم ليبتلي","مبالغة","مبالغة في وصف شدة المحن والأحزان التي يمر بها، كأن الليل يجرّ معه الهموم ليبتليه."
"43","موج البحر… ليبتلي","مجاز","مجاز عن كثرة الأحزان والمصاعب التي تحيط به، وليس المقصود البحر حرفيًا.",""

"رقم البيت","البيت","التعبير البلاغي","العنصر البلاغي","الشرح"
"44","فَقُلْتُ لَهُ لـــمَّا تَمَطَّى بِصُلْبِهِ","لما تمطّى بصلبه","كناية","كناية عن استرخائه وتمدده أثناء الحركة، لإظهار راحته ورشاقته."
"44","وأرْدَفَ أعْجَازًا ونَاءَ بِكَلْكَلِ","أعجاز وناء بالكلكل","تشبيه","شبّه حركته وانسيابه أثناء الركوب بانسياب الأعجاز ورفعه للمطايا، لتصوير الرشاقة والتحكم في الحركة."
"44","تمطّى… ناء بالكلكل","مجاز","مجاز عن انسيابية الحركة واتساع المدى، وليس المراد الحرفي للأعضاء أو الأدوات.",""

"رقم البيت","البيت","التعبير البلاغي","العنصر البلاغي","الشرح"
"45","ألَا أيُّها اللَّيْلُ الطَّوِيْلُ ألا انْجَلِي","أيها الليل الطويل","تشبيه","شبّه الليل الطويل بالمحن الطويلة التي يجب أن تزول، لبيان طول المحنة وانتظار الفرج."
"45","بِصُبْح وما الإصْباحُ فِيْكَ بأمْثَلِ","الصبح ليس بأمثل","مجاز","مجاز عن الأمل والفرج المتوقع بعد طول الليل، أي أن الفرج سيكون أفضل مما مضى."
"45","ألَا أيها الليل… الصبح","كناية","كناية عن طلب الفرج وزوال المحنة، تصوير لليأس والتحسر وانتظار الفرج.",""

"رقم البيت","البيت","التعبير البلاغي","العنصر البلاغي","الشرح"
"46","فَيَا لَكَ من لَيْلٍ كأنَّ نُجُومَهُ","كأنّ نجومه","تشبيه","شبّه كثرة النجوم في الليل بجمال وتنظيم معين، لإبراز السطوع والتألق."
"46","بِكُلِّ مُغَارِ الفَتْلِ شُدَّتْ بِيَذْبُلِ","كل مغار الفتل شدّت بذبل","مجاز","مجاز عن انتظام النجوم وكأنها مربوطة بخيوط، لتصوير الترتيب والانتظام الطبيعي للسماء."
"46","كأنّ نجومه… شدّت بذبل","استعارة","استعارة عن الانضباط والجمال، وليس المقصود الربط الفعلي بالخيوط.",""

"رقم البيت","البيت","التعبير البلاغي","العنصر البلاغي","الشرح"
"47","كأنَّ الثُّريَّا عُلِّقَتْ في مَصَامِهَا","كأن الثريا عُلّقت","تشبيه","شبّه الثريا في السماء بأنها معلّقة على طريقة معينة، لتوضيح موقعها وارتفاعها."
"47","بأمْرَاسِ كَتَّانٍ إلى صُمِّ جَنْدَلِ","أمراس كتان إلى صم جندل","استعارة","استعارة عن ثبات النجوم وصلابتها في السماء، كما لو كانت مربوطة بخيوط قوية."
"47","عُلّقت… أمراس كتان","مجاز","مجاز عن انتظام النجوم في السماء ووضوح مواقعها، وليس المقصود تعليقًا حقيقيًا.",""

"رقم البيت","البيت","التعبير البلاغي","العنصر البلاغي","الشرح"
"48","وقِربَةِ أقْوَامٍ جَعَلْتُ عِصَامَهَا","عصامها","كناية","كناية عن جمعه القوة أو الإمداد من الناس، أي أنه استعان بعصامتها وركبها لمصلحته."
"48","على كَاهِلٍ مِنِّي ذَلُولٍ مُرَجَّلِ","ذلول مرجّل","تشبيه","شبّه ما تحمله من أثقال أو الحمولة بالدواب المألوفة المطيعة، لتصوير سهولة السيطرة عليها."
"48","عصامها… ذلول مرجّل","مجاز","مجاز عن القدرة على السيطرة والتنظيم، وليس المقصود الدواب حرفيًا.",""

"رقم البيت","البيت","التعبير البلاغي","العنصر البلاغي","الشرح"
"49","ووادٍ كَجَوُفِ العَيْرِ قَفرٍ قَطَعْتُهُ","كجوف العير","تشبيه","شبّه الخلوة والفراغ في الوادي بجوف العير لتصوير اتساعه وخلوه من الحياة."
"49","به الذِّئْبُ يَعْوِي كالخَلِيع المُعَيَّلِ","كالخليع المعيل","تشبيه","شبّه عواء الذئب بصوت المخلوع أو اليتيم المتألم، لتقوية الصورة الصوتية للشدة والوحدة في المكان."
"49","ووادٍ… الذئب يعوي","مجاز","مجاز عن الوحشة والخطر المحيط بالمكان، وليس المراد حرفيًا الصنف البشري.",""

"رقم البيت","البيت","التعبير البلاغي","العنصر البلاغي","الشرح"
"50","فقلتُ له لمَّا عَوَى إنَّ شَأنَنَا","لمّا عوى شأننا","كناية","كناية عن صداه أو صدى صوته، للدلالة على طول المسافة وتأثيره."
"50","طَوِيْلُ العَنَا إنْ كُنْتَ لـــمَّا تَمَوَّلِ","طويل العنا","مبالغة","مبالغة في وصف طول المسافة أو شدة الأمر، لإظهار أثر الصوت أو الفعل الممتد."
"50","عوى… طويل العنا","مجاز","مجاز عن الامتداد أو التأثير المسموع أو المحسوس، وليس المقصود حرفيًا.",""

"رقم البيت","البيت","التعبير البلاغي","العنصر البلاغي","الشرح"
"51","كِلًانَا إذَا ما نَالَ شَيْئًا أفَاتَهُ","إذا ما نال شيئًا أفاته","كناية","كناية عن تقارب المصالح أو الحظوظ بينهما، أي أنّهما يتقاسمان أو يفوتهما الشيء معًا."
"51","ومَنْ يَحْتَرِثْ حَرْثِي وحَرْثَكَ يُهْزَلِ","يحتَرث حرثي وحرثك يُهزل","مجاز","مجاز عن الجهد المشترك والتنافس، إذ أطلق الحرث على العمل والمكسب، والمراد تشبيه التعاون أو التنافس في الرزق."
"51","أفاته… يُهزل","مبالغة","مبالغة في تصوير الجدّ والمشاركة في المكاسب أو الخسائر بين الطرفين.",""

"رقم البيت","البيت","التعبير البلاغي","العنصر البلاغي","الشرح"
"52","وقد أغتدي والطَّيْرُ في وُكُنَاتِهَا","الطير في وكناتها","كناية","كناية عن الاستقرار والسكينة في المكان، حيث الطيور في أوكارها دليل على الأمان والهدوء."
"52","بمنجردٍ قَيْدِ الأوَابِدِ هَيْكَلِ","قيد الأوابد هيكل","تشبيه","شبّه بيوت الطيور بالأوابد أو الهياكل المصمّمة، لتصوير الثبات والنظام في أماكن السكن."
"52","الطير في وكناتها… هيكل","مجاز","مجاز عن النظام والانضباط الطبيعي في البيئة، وليس المراد حرفيًا الهيكل المادي.",""

"رقم البيت","البيت","التعبير البلاغي","العنصر البلاغي","الشرح"
"53","مِكَرٍّ مِفَرٍّ مُقبِلٍ مُدبِرٍ مَعاً","مكّر مفّر مقبل مدبر معاً","مبالغة","مبالغة في وصف الحركة السريعة والمتنوعة، سواء في القدوم أو الذهاب، لإظهار النشاط والضبط."
"53","كَجُلمُودِ صَخْرٍ حَطَّهُ السَّيْلُ مِنْ عَلِ","كجلمود صخر","تشبيه","شبّه الجمع والاضطراب بانحدار الصخور من أعلى نتيجة السيل، لتقوية الصورة الحركية والضخامة."
"53","مكّر… جلمود صخر","مجاز","مجاز عن العنف والقوة في الحركة، وليس المقصود الصخور حرفيًا.",""

"رقم البيت","البيت","التعبير البلاغي","العنصر البلاغي","الشرح"
"54","كُمَيْتٍ يَزِلُّ اللِّبْدُ عَنْ حَالِ مَتْنِهِ","يزل اللبد عن حال متنه","تشبيه","شبّه انزلاق اللبد بانسيابية حركته على ظهر الحيوان، لتوضيح الرقة والخفة."
"54","كَمَا زَلَّتِ الصَّفْوَاءُ بِالمُتَنَزَّلِ","كما زلّت الصفاو","تشبيه","شبّه حركة اللبد بسلاسة انزلاق الصفاو في مكانه، لتقوية صورة الانسيابية والرقة."
"54","يزل اللبد… الصفواء","مجاز","مجاز عن الانسياب الطبيعي والانسيابية في الحركة، وليس المقصود المادة حرفيًا.",""

"رقم البيت","البيت","التعبير البلاغي","العنصر البلاغي","الشرح"
"55","على الذَّبْلِ جَيَّاشٌ كأنَّ اهْتِزَامَهُ","كأن اهتزامه","تشبيه","شبّه حركة الذبل (الحصان أو الفرس) بالاهتزاز العنيف، لتوضيح القوة والنشاط."
"55","إذا جَاشَ فِيهِ حَمْيُهُ غَلْيُ مِرْجَلِ","غلي مرجل","تشبيه","شبّه شدة حركة الحصان بالغليان في المرجل، لتقوية صورة الحماس والقوة والطاقة المكبوتة."
"55","اهتزامه… غلي مرجل","مجاز","مجاز عن عنف الحركة وقوة الانفعال، وليس المقصود الغليان حرفيًا.",""

"رقم البيت","البيت","التعبير البلاغي","العنصر البلاغي","الشرح"
"56","مِسَحٍّ إذا ما السَّابِحَاتُ على الوَنَى","السابحات على الوَنَى","تشبيه","شبّه حركة الأقدام أو الركب التي تسير على الرمال بسابحات في الماء، لتوضيح الرشاقة والنعومة في الحركة."
"56","أثَرْنَ الغُبَارَ بالكَدِيدِ المُرَكَّلِ","الكديد المركّل","استعارة","استعارة عن الغبار الذي يرفعه المشي، لتصوير أثر الحركة بوضوح وكثافة، كأنها محمّلة بالثقل."
"56","السابحات… الكديد المركّل","مجاز","مجاز عن التأثير القوي للخطوات على المحيط، وليس المقصود حرفيًا الكديد أو الثقل الفعلي.",""

"رقم البيت","البيت","التعبير البلاغي","العنصر البلاغي","الشرح"
"57","يَزِلُّ الغُلَامُ الخِفُّ عَنْ صَهَواتِهِ","يزل الغلام الخف عن صهواته","تشبيه","شبّه حركة الغلام الخفيف بالرشاقة والانسياب في المشي أو الجري، لتوضيح خفة الحركة."
"57","ويُلوِي بأثْوَابِ العَنَيْفِ المُثَقَّلِ","يلوّي بأثواب العنيف المثقل","تشبيه","شبّه حركة الثياب الثقيلة أثناء الحركة بالالتواء والانحناء، لتصوير الانسيابية والقوة مع الثقل."
"57","يزلّ… يلوّي","مجاز","مجاز عن الرشاقة والمهارة في الحركة، وليس المقصود الالتواء الحرفي للثياب فقط.",""

"رقم البيت","البيت","التعبير البلاغي","العنصر البلاغي","الشرح"
"58","دَرِيْرٍ كَخُذْرُوفِ الوَليْدِ أمَرَّهُ","كخذروف الوليد أمره","تشبيه","شبّه حركة الدرير برقة ونعومة حركة خُذْرُوف الوليد، لتوضيح اللطف والرقة في التصرف."
"58","تَتَابعُ كَفَّيْهِ بِخَيْطٍ مُوَصَّلِ","تتابع كفّيه بخيط موصل","استعارة","استعارة عن الانسياب والترابط في الحركة، كأنها متصلة بخيط، لتقوية الصورة البصرية للحركة الدقيقة."
"58","كخُذْرُوف… خيط موصل","مجاز","مجاز عن الانسجام والدقة، وليس المراد حرفيًا الخيط أو الوليد.",""

"رقم البيت","البيت","التعبير البلاغي","العنصر البلاغي","الشرح"
"59","لَهُ أَيْطَلا ظَبْيٍ وسَاقَا نَعَامَةٍ","أيطلا ظبي وساقا نعامة","تشبيه","شبّه طول القامة ورشاقة الساقين بطول الظبي وطول ساق النعامة، لتوضيح الجمال والرقة في الهيئة."
"59","وإرخَاءُ سرْحَانٍ وتَقْرِيْبُ تَتْفُلِ","إرخاء سرحان وتقريب تتفل","مجاز","مجاز عن التحكم في حركة الجسم ورشاقة التحرك، لتصوير الانسيابية والدقة في الحركة."
"59","أيطلا… تتفل","استعارة","استعارة عن الانسياب والجمال الطبيعي في الهيئة، وليس المقصود حرفيًا الظبي أو النعامة.",""

"رقم البيت","البيت","التعبير البلاغي","العنصر البلاغي","الشرح"
"60","ضَلِيْعٍ إذَا اسْتَدْبَرْتَهُ سَدَّ فَرْجَهُ","ضلّيع إذا استدبرته","كناية","كناية عن قوّة التحصين والدفاع، إذ يُظهر صلابة الشيء عند محاولة التعدّي عليه."
"60","بِضَافٍ فُوَيْقَ الأرْضِ لَيْسَ بأعْزَلِ","بضاف فوق الأرض","تشبيه","شبّه سد الفرج بشدة التحصين بطبقات قوية من الأرض، لتصوير الصلابة والمتانة."
"60","سدد فرجه… فوق الأرض","مجاز","مجاز عن القوة والمتانة، وليس المراد حرفيًا التكديس الفعلي للأرض.",""

"رقم البيت","البيت","التعبير البلاغي","العنصر البلاغي","الشرح"
"61","كأنَّ سَرَاتَهُ لَدَى البَيْتِ قَائمًا","كأن سراته قائمًا","تشبيه","شبّه سيره القوي والمستقيم وكأنه قائم أمام البيت، لتوضيح الهيبة والاعتداد بالنفس."
"61","مَدَاكُ عَرُوسٍ أو صَلَايَةُ حَنْظَلِ","مداك عروس أو صلاية حنظل","تشبيه","شبّه مداها في الحركة برشاقة العروس أو خفة الصلاية، لتقوية الصورة عن الرشاقة والجمال."
"61","سراته… مداك","مجاز","مجاز عن قوة الحركة وسلامة القوام، وليس المقصود حرفيًا العروس أو الصلاية.",""

"رقم البيت","البيت","التعبير البلاغي","العنصر البلاغي","الشرح"
"62","كَأنَّ دِمَاءَ الهَادِيَاتِ بِنَحْرِهِ","كأن دماء الهاديات","تشبيه","شبّه دماء الهَادِيَات (الطيور أو الحيوانات الصغيرة) بالصبغ أو المادة الملونة، لتوضيح الكثرة واللون القوي."
"62","عُصَارَةُ حِنَّاءٍ بِشَيْبٍ مُرَجَّلِ","عصارة حناء بشيب مرجّل","استعارة","استعارة عن كثافة الدم وغزارته، كالحناء المركزة، لتقوية الصورة عن الوفرة واللون الغامق."
"62","دماء الهاديات… عصارة حناء","مجاز","مجاز عن القوة والكثرة، وليس المقصود الحناء حرفيًا.",""

"رقم البيت","البيت","التعبير البلاغي","العنصر البلاغي","الشرح"
"63","فَعَنَّ لَنَا سِرْبٌ كأنَّ نِعَاجَهُ","كأن نِعاجه","تشبيه","شبّه حركة السرب بانسياب النعاج، لتصوير الترتيب والانسيابية في السير."
"63","عذَارَى دَوَارٍ في مُلاءٍ مُذَيَّلِ","عذارى دوار في ملاء مذيل","تشبيه","شبّه ترتيب الفتيات وهن في السير بانسياب النعاج في المرعى، لتقوية الصورة البصرية للنظام والجمال."
"63","السرب… عذارى","مجاز","مجاز عن التنظيم والتنسيق والجمال في الحركة، وليس المقصود الحيوانات حرفيًا.",""

"رقم البيت","البيت","التعبير البلاغي","العنصر البلاغي","الشرح"
"64","فَأدْبَرْنَ كالجَزْعِ المُفَصَّل بَيْنَهُ","كالجَزْع المفصّل","تشبيه","شبّه حركة أدبارهنّ بانحناء أو انحراف الجذع المفصّل، لتوضيح الانسيابية والدقة في الحركة."
"64","بِجِيْدِ مُعَمٍّ في العَشِيْرَةِ مُخْوَلِ","جيّد معمّ في العشيرة مخوّل","مجاز","مجاز عن القوة والسيطرة في الحركة، إذ يُظهر الرشاقة والقدرة على الانسياب ضمن المجموعة دون فوضى."
"64","أدبرن… جيّد معمّ","كناية","كناية عن الانضباط والدقة في الحركة والجسم، وليس المقصود حرفيًا الجذع أو العضو.",""

"رقم البيت","البيت","التعبير البلاغي","العنصر البلاغي","الشرح"
"65","فألحَقَه بالهَادِيَاتِ ودُونَهُ","ألحقه بالهاديات","كناية","كناية عن الانضمام أو التجمع مع الجماعة، لتوضيح الحركة المنظمة أو الانضباط."
"65","جَوَاحِرُهَا في صَرَّةٍ لم تَزَيَّلِ","جوائرها في صرّة لم تزيل","مجاز","مجاز عن الثبات وعدم التفرق، إذ شبّه الأشياء المجمعة بالصرة المحكمة، لتقوية صورة الانضباط والترتيب."
"65","ألحقه… جوائرها","استعارة","استعارة عن الانضباط والسيطرة، وليس المقصود حرفيًا الصرة أو الأشياء.",""

"رقم البيت","البيت","التعبير البلاغي","العنصر البلاغي","الشرح"
"66","فَعَادَى عِدَاءً بَيْنَ ثَوْرٍ وَنَعْجَةٍ","عداء بين ثور ونعجة","تشبيه","شبّه العدوان أو الصراع بالعداء بين ثور ونعجة، لتوضيح شدة العراك أو التعارض."
"66","دِرَاكاً ولم يُنْضَحْ بِمَاءٍ فيُغْسَلِ","لم ينضح بماء فيُغسل","مجاز","مجاز عن عدم التخفيف أو التطهير من العداوة، لتصوير استمرار الحدة والشدّة."
"66","عداء… لم ينضح","كناية","كناية عن شدة الصراع أو النزاع الذي لا يزول بسهولة، وليس المقصود الحيوانات حرفيًا.",""

"رقم البيت","البيت","التعبير البلاغي","العنصر البلاغي","الشرح"
"67","فَظَلَّ طُهَاةُ اللَّحْمِ مِنْ بَيْنِ مُنْضِجٍ","طهاة اللحم من بين منضج","كناية","كناية عن بقاء اللحم المطهو جاهزًا للتقديم أو الاختيار، لتصوير وفرة الطعام وترتيبه."
"67","صَفِيْفَ شِوَاءٍ أو قَدِيْرٍ مُعَجَّلِ","صفيف شواء أو قدير معجّل","تشبيه","شبّه ترتيب اللحم المطهو بالصفائف والأواني، لتوضيح النظام والجمال في ترتيب الطعام."
"67","طهاة… قدير معجل","مجاز","مجاز عن الوفرة والجمال في الطعام، وليس المقصود حرفيًا الصفائف أو القدور.",""

"رقم البيت","البيت","التعبير البلاغي","العنصر البلاغي","الشرح"
"68","ورُحْنَا يَكَادُ الطَّرْفُ يَقْصُرُ دُوْنَهُ","يكاد الطرف يقصر دونه","كناية","كناية عن سرعة السير أو الحركة التي تجعل العين تكاد لا تلاحقه، لتصوير السرعة والخفة."
"68","مَتَى مَا تَرَقَّ العَيْنُ فِيْه تَسَهَّلِ","ترق العين فيه تسهل","مجاز","مجاز عن وضوح الرؤية وسهولة متابعة الحركة، لتصوير الانتقال السلس والانسياب في المشهد."
"68","يكاد الطرف… ترق العين","تشبيه","تشبيه عن سرعة الحركة وكثافة المدى، وليس المقصود حرفيًا قصر الطرف أو العين.",""

"رقم البيت","البيت","التعبير البلاغي","العنصر البلاغي","الشرح"
"69","فَبَات عَلَيْهِ سَرْجُهُ وَلِجَامُهُ","بات عليه سرجه ولجامه","كناية","كناية عن ثباته واستقراره في المكان، للدلالة على الصبر والهيبة أثناء النوم أو الراحة."
"69","وبَاتَ بِعَيْنِيْ قَائِمًا غَيْرَ مُرْسَلِ","بات بعيني قائمًا غير مرسل","مجاز","مجاز عن التأهب والمراقبة، وكأنه قائم رغم جلوسه أو نومه، لتصوير قوة الانتباه والثبات."
"69","بات… بعيني قائم","تشبيه","تشبيه عن الثبات واليقظة، وليس المقصود حرفيًا الوقوف أثناء النوم.",""

"رقم البيت","البيت","التعبير البلاغي","العنصر البلاغي","الشرح"
"70","أصَاحَ تَرَى بَرْقًا أرِيْكَ وَمِيْضَهُ","ترى برقًا أرِيك وميضه","تشبيه","شبّه لمعان شيء أو حركته بالبرق، لتوضيح السرعة واللمعان الباهر."
"70","كَلَمْعِ اليَدَيْنِ في حَبِيٍّ مُكَلَّلِ","كلمع اليدين في حبي مكّلّل","تشبيه","شبّه لمعان الشيء باليدين المتحركتين في حبلٍ مزخرف، لتقوية الصورة البصرية وإظهار البهاء."
"70","ترى برقًا… لمع اليدين","مجاز","مجاز عن البهاء واللمعان، وليس المراد حرفيًا البرق أو اليدين.",""

"رقم البيت","البيت","التعبير البلاغي","العنصر البلاغي","الشرح"
"71","يُضِيءُ سَنَاهُ أو مَصَابِيْحُ راهبٍ","يضيء سناه","تشبيه","شبّه إشراق وجهه أو ضيائه بمصابيح راهب، لتوضيح النور والبهاء الذي يخرجه."
"71","أمَالَ السَّلِيْطَ بالذُّبالِ المُفَتَّلِ","أمال السلّيط بالذبال المفصّل","استعارة","استعارة عن تأثير الضوء أو البهاء على المحيط، إذ جعل السلّيط يميل أو ينحني أمامه، لتقوية الصورة التصويرية."
"71","يضيء سناه… أمال السلّيط","مجاز","مجاز عن القوة والتأثير، وليس المراد الضوء حرفيًا أو الانحناء الفعلي.",""

"رقم البيت","البيت","التعبير البلاغي","العنصر البلاغي","الشرح"
"72","قَعَدْتُ لَهَا وصُحْبَتِي بَيْنَ ضَارِجٍ","قعدت لها وصحبتي بين ضارج","كناية","كناية عن الجلوس بالقرب منها ومشاركته لها الوقت، لتوضيح القرب والالتحام."
"72","وبَيْنَ العُذّيْبِ بُعْدَ مَا مُتَأمَّلِ","بين العذيب بعد ما متأمل","تشبيه","شبّه المسافة بينهما وبين نهر العذيب بعد التأمل، لتوضيح الامتداد والمسافة التي فصلتهما عن باقي العالم."
"72","قعدت… بعد ما متأمل","مجاز","مجاز عن الانسجام والهدوء في الجلوس مع الحبيبة، وليس المقصود حرفيًا النهر أو الامتداد.",""

"رقم البيت","البيت","التعبير البلاغي","العنصر البلاغي","الشرح"
"73","عَلَا قَطَنًا بالشَّيْمِ أيْمَنُ صَوْبهِ","عَلَا قطنًا بالشيم أيمن صوبه","كناية","كناية عن ارتفاع القطن في المكان ودلالته على خصوبة الأرض أو رونق المكان."
"73","وَأيْسرُهُ على السِّتَارِ فَيَذْبُلِ","أيسره على الستر فيذبُل","استعارة","استعارة عن تأثيره على المكان أو النبات، أي أن القطن يسقط أو يذبل بتأثير الرياح أو الظروف، لتصوير الحركة والضعف."
"73","عَلَا… فيذبُل","مجاز","مجاز عن تأثير الطبيعة أو الظروف على الأشياء، وليس المقصود حرفيًا القطن أو الذبول.",""

"رقم البيت","البيت","التعبير البلاغي","العنصر البلاغي","الشرح"
"74","فَأضْحَى يَسُحُّ المَاءَ حَوْلَ كُتَيْفَةٍ","يسح الماء حول كتيفة","تشبيه","شبّه تدفق الماء حول الكتيفة بانسياب الماء الطبيعي، لتصوير الحركة والفيضان."
"74","يَكُبُّ عَلَى الأذْقَانِ دَوْحَ الكَنَهْبُلِ","يكب على الأذقان","استعارة","استعارة عن شدة الماء وغزارته، بحيث يُصب على الأذقان كما يسكب الدلو، لتقوية الصورة التصويرية للفيض."
"74","يسحّ… يكب","مجاز","مجاز عن القوة والانتشار والفيض، وليس المقصود حرفيًا الإلقاء على الأذقان.",""

"رقم البيت","البيت","التعبير البلاغي","العنصر البلاغي","الشرح"
"75","ومَرَّ عَلَى القَنَانِ من نَفَيانِهِ","مرّ على القنان من نفياه","كناية","كناية عن مرور القافلة أو الشخص عبر المكان، للدلالة على الانتشار والتنقل."
"75","فأنْزَلَ مِنْهُ العُصْمَ مِنْ كلِّ مَنْزِلِ","أنزل منه العصم من كل منزل","استعارة","استعارة عن توزيع العطاء أو الضرورة على المنازل المختلفة، لتصوير الكرم أو النفوذ."
"75","مرّ… أنزل العصم","مجاز","مجاز عن التفاعل مع المكان والأثر الذي يتركه، وليس المقصود حرفيًا النزول أو توزيع الأشياء.",""

"رقم البيت","البيت","التعبير البلاغي","العنصر البلاغي","الشرح"
"76","وتَيْمَاءَ لَمْ يَتْرُكْ بِهَا جِذْعَ نَخْلَةٍ","لم يترك بها جذع نخلة","كناية","كناية عن الدمار الشامل، أي أنه لم يترك شيئًا قائمًا، لتصوير شدة الخراب."
"76","وَلَا أجُمًا إلَّا مَشِيْدًا بجَنْدَلِ","إلا مشيدًا بجندل","مجاز","مجاز عن ما بقي قائمًا لكنه ضعيف وهشّ، لتصوير شدة الانقسام والخراب في المكان."
"76","لم يترك… إلا مشيد","مبالغة","مبالغة في وصف الدمار والخراب، لتأكيد أثر الحدث أو القوة المدمر.",""

"رقم البيت","البيت","التعبير البلاغي","العنصر البلاغي","الشرح"
"77","كأنَّ ثَبِيَرًا في عَرانِين وَبْلِهِ","كأن ثبيرًا في عرانين وبله","تشبيه","شبّه كثرة الأشياء أو الأشخاص بصغير الثبير في المكان، لتوضيح التكتّل والكثرة."
"77","كَبِيْرُ أنَاسٍ في بِجَادٍ مُزَمَّلِ","كبير الناس في بجاد مزمّل","تشبيه","شبّه الأمر الكبير أو العدد الكبير بكثرة الناس في مكان محدّد، لتقوية صورة الكثرة والانتشار."
"77","ثبير… كبير الناس","مجاز","مجاز عن الوفرة والانتشار، وليس المقصود حرفيًا الثبير أو الناس.",""

"رقم البيت","البيت","التعبير البلاغي","العنصر البلاغي","الشرح"
"78","كأنَّ ذُرَا رَأْسِ المُجَيْمِرِ غُدْوَةً","كأن ذرّا رأس المجيمر غدوة","تشبيه","شبّه ذرات الرماد أو الغبار المتطايرة بالصباح أو الضوء الصاعد، لتوضيح الانبعاث والانتشار."
"78","من السَّيْلِ وَالغُثَّاءِ فَلْكَةُ مِغْزَلِ","من السيل والغثاء فلكة مغزل","تشبيه","شبّه تداخل المواد المتطايرة كحركة خيوط المغزل، لتقوية الصورة عن الانسياب والتشابك."
"78","ذرّا… فلكة مغزل","مجاز","مجاز عن كثافة الانتشار والتداخل، وليس المقصود حرفيًا السيل أو المغزل.",""

"رقم البيت","البيت","التعبير البلاغي","العنصر البلاغي","الشرح"
"79","وألْقَى بِصَحْرَاءِ الغَبِيْطِ بَعَاعَهُ","ألقى بصحراء الغَبِيط بَاعَهُ","كناية","كناية عن انتشاره أو امتداده في المكان، لتصوير اتساع المساحة وحركة الشيء أو الشخص."
"79","نُزُولَ اليَمَانِيِ ذِيْ العِيَابِ الـمُحَمَّلِ","نُزول اليَمَاني ذي العياب المحمّل","تشبيه","شبّه انتشاره أو امتداده بحركة اليَمَاني المحمّل، لتوضيح الوزن والثقل والانسياب في الحركة."
"79","ألقى… نزول اليَمَاني","مجاز","مجاز عن الامتداد والانتشار، وليس المقصود حرفيًا الشخص أو البضائع.",""

"رقم البيت","البيت","التعبير البلاغي","العنصر البلاغي","الشرح"
"80","كَأنَّ مَكَاكيَّ الجِوَاءِ غُدَيَّةً","كأن مكاكي الجوّاء غدية","تشبيه","شبّه المكايك في حركتها أو منظرها بالصباح المشرق، لتصوير الحيوية والنشاط."
"80","صُبِحْنَ سُلًافًا مِنْ رَحِيقٍ مُفَلْفَلِ","صبحن سلفًا من رحيق مفلفل","استعارة","استعارة عن انتشار الألوان أو الجمال كالزهور المليئة بالرحيق، لتوضيح البهاء والرونق الطبيعي."
"80","مكاكي الجوّاء… رحيق مفلفل","مجاز","مجاز عن الحيوية والجمال والانسياب، وليس المقصود حرفيًا الرحيق أو الطيور.",""

"رقم البيت","البيت","التعبير البلاغي","العنصر البلاغي","الشرح"
"81","كأنَّ السِّبَاعَ فيه غَرْقَى عَشِيَّةً","كأن السباع فيه غرقي عشية","تشبيه","شبّه كثرة الحيوانات أو الضباع في المكان بالغرق أو التكدّس في وقت المساء، لتصوير الازدحام أو الفوضى."
"81","بأرجَائِهِ القُصْوَى أنَابِيْشُ عُنْصُلِ","بأرجائه القصوى أنابيش عنصل","استعارة","استعارة عن انتشار الحركة أو الاضطراب في المكان، إذ شبّهها بأنابيش عنصل لتوضيح الفوضى أو النشاط المكثف."
"81","السباع… أنابيش عنصل","مجاز","مجاز عن كثرة الحيوية أو الشدة في المكان، وليس المقصود حرفيًا السباع أو الأنابيش.",""